operation_name,,drug,examine,disease
输尿管膀胱吻合术,,水合氯醛,B超检查,膀胱-输尿管反流性尿路病
腹腔镜检查,,右旋糖酐铁,胸部正位,膀胱输尿管反流
膀胱探查术,,葡萄糖,肾静态显像,尿道口感染
输尿管导管插入术,,氯化钠,肾动态显像,肝脏功能异常
膀胱镜 D-J 管取出术,,布地奈德,逆行泌尿系造影,急性肾盂肾炎
逆行肾盂造影图,,呋喃妥因,左手正位,肾积水
输尿管镜检查,,苯巴比妥,腹部正侧位,支气管炎
其他和开放性腹股沟斜疝修补术,,拉氧头孢,肾动态显像+肾介入显像,急性上呼吸道感染
输尿管成形术,,头孢克肟,通用超声检查,遗尿
输尿管其他诊断性操作,,浓氯化钠,骨盆正位,肺脾两虚证
腹腔镜下输尿管膀胱吻合术,,头孢唑肟,泌尿系水成像MRU,喘息
单侧腹股沟斜疝疝囊高位结扎术,,特布他林,肾脏MR平扫,肥胖症
输尿管切除术,,异丙托溴铵,上消化道钡餐,多动性品行障碍
部分输尿管切除术,,伪麻美沙芬,髋关节蛙式位,慢性肾脏病2期
尿道瓣膜切除术,,氨溴特罗,右尺桡骨正侧位,慢性肾脏疾病
尿道下裂修补术,,氯雷他定,头颅MR（3T）平扫,代谢性酸中毒
阴囊和睾丸鞘膜的其他手术,,阿莫西林克拉维酸,鼻咽部侧位,慢性肾脏病4期
阴茎矫直术,,脾氨肽,鼻窦CT平扫,健康查体
尿道成形术,,地奈德,头颅MR（3T）增强,发热
膀胱造口导管置换,,酪酸梭菌二联活菌,腹部正位,新生儿窒息
膀胱造口闭合术,,维生素AD,上腹部CT平扫,肺炎
输尿管移植术,,布洛芬,下腹部CT平扫,呼吸道疾病
会阴尿道镜检查,,头孢哌酮舒巴坦,盆腔CT平扫,屈光不正
胸膜腔药物注射治疗,,金霉素,通用内境检查,急性扁桃体炎
腹腔镜下膀胱修补术,,开塞露(含甘油),通用病理检查,急性支气管炎
多余指切除术,,氨金黄敏,腹部DWI,腹痛
腹腔镜下胆管修补术,,葡萄糖氯化钠,膀胱尿道CT平扫,肾病综合征
输尿管双“J”管取出术,,维生素D,肾脏输尿管CT平扫,髋关节滑膜炎
膀胱输尿管向膀胱再植入(右）,,维生素D3,盆腔MR平扫,鼻泪管阻塞
腹腔镜检查术,,头孢吡肟,骶尾椎MR平扫,耵聍栓塞
输尿管向膀胱再植入,,西替利嗪,腰椎MR平扫,扁桃体肥大
输尿管向膀胱再植入(双侧),,灭菌水,右手正斜位,急性咽炎
膀胱镜尿道镜探查术,,呋喃西林,左手正斜位,急性喘息性支气管炎
膀胱镜检查术,,对乙酰氨基酚,胸部正侧位,支气管肺炎
右侧留置双J管,,碘海醇,KUB,急性尿道炎
输尿管支架引流术,,蒙脱石,钡剂灌肠检查,胃肠炎
膀胱镜下双J管取出术,,复方多粘菌素B,钡剂灌肠检查随访,婴儿腹泻
逆行性肾盂造影检查术,,炎宁颗粒,胸腹正位,急性下呼吸道感染
输尿管镜检查术,,头孢克洛,左上肢全长正位,肾盂肾炎
膀胱镜下输尿管插管术,,珠珀保婴散,右上肢全长正位,疱疹性咽峡炎
输尿管D-J管置入术,,酪酸梭菌活菌,右下肢全长正位,残冠
膀胱右侧输尿管再植术,,维生素B6,左下肢全长正位,过敏性皮炎
气膀胱下右侧输尿管向膀胱再植术,,头孢地尼,双下肢全长正位,急性化脓性扁桃体炎
膀胱镜检查术未放双J管,,头孢曲松,右踝关节正侧位,发热性惊厥
输尿管向膀胱再植入（双侧）,,头孢他啶,左踝关节正侧位,中耳炎
气膀胱左侧侧输尿管再植术（输尿管向膀胱再植入）,,哌拉西林钠他唑巴坦,头颅MR平扫,包茎
输尿管向膀胱再植入(气膀胱)(双侧),,复方小儿退热栓,腹部 DWI,生长发育迟缓
输尿管向膀胱再植入(双侧双输尿管),,复方磺胺甲噁唑,髋关节CT3D(三维成像),精神发育迟缓
膀胱镜下D-J管取出术(双侧),,利奈唑胺,肾动态显像EC（ERPF）,慢性肾脏病3期
腹股沟斜疝疝囊高位结扎术,,复方曲安奈德,肾脏MR增强,单侧肾发育不全
膀胱镜下左侧输尿管再植术,,竹沥颗粒,头颅CT平扫,咳嗽
输尿管D-J管置入术(双侧),,氨溴索,胸部CT平扫,特指先天性畸形
输尿管成形术(双侧),,除湿止痒洗液,腰骶椎MR平扫,便秘
膀胱输尿管镜检查、拔双J管术,,多磺酸粘多糖,胸椎MR平扫,鼻出血
输尿管向膀胱再植入(气膀胱下左Cohen),,克感利咽颗粒,颈椎MR平扫,慢性鼻炎
输尿管探查+输尿管向膀胱再植入(右侧),,阿魏酸哌嗪,腹部侧位,慢性咽炎
输尿管向膀胱再植入（双）,,儿肤康搽剂,腹部MR平扫,结膜炎
输尿管探查术,,小儿豉翘清热颗粒,左肘关节正侧位,小儿咳嗽病
气膀胱左侧输尿管膀胱再植术,,硝酸舍他康唑,左尺桡骨正侧位,肾移植状态
气膀胱左侧输尿管再植术,,羌月乳膏,examine_source_value,巨输尿管
膀胱镜下拔除双“j”管,,小儿柴桂退热颗粒（口服液）,左膝关节正侧位,脓毒症
输尿管向膀胱再植入(左侧cohen),,地衣芽孢杆菌,头颅MR DTI（3T）,新生儿鹅口疮
膀胱镜下D-J管取出术,,小儿腹泻贴,双膝关节正侧位,皮疹
腹腔镜气膀胱左侧输尿管再植术,,丁苯羟酸,胃食道返流显像,肾积水伴肾结石
输尿管向膀胱再植入(左侧),,匹多莫德,右手指正侧位,特应性皮炎
气膀胱下双侧输尿管再植术,,西咪替丁,肝脏CT增强,变态反应
输尿管向膀胱再植入(气膀胱，双侧) 术,,炎琥宁,头颅MRA,血小板增多
膀胱镜下拔双j管术,,异丙嗪,头颅MRV,恶心和呕吐
输尿管向膀胱再植入(腹腔镜，气膀(双侧),,青霉素,海马MR（3T）平扫,多指/趾
气膀胱下左输尿管向膀胱再植入,,溴己新葡萄糖,头颅MRS（3T）,先天性心脏病
右腹股沟斜疝疝囊高位结扎术,,头孢呋辛钠,上腹部CT增强,幽门螺旋杆菌感染
“膀胱镜下D-J管取出术,,头孢哌酮他唑巴坦(8:1),胰腺CT增强,输尿管扩张
输尿管向膀胱再植入(左侧cohen）,,施保利通片,右足正斜位,泌尿系统疾病
膀胱镜下D-J管拔除术,,氟康唑,颈椎正侧位,惊厥
腹腔镜检查(气膀胱）,,枸橼酸钠,胸腰椎正侧位,常规儿童健康检查
输尿管向膀胱再植入(右侧),,葡萄糖酸钙锌,脊柱全长正侧位,眼检查
膀胱镜双J管拔除术,,百蕊颗粒,胸部侧位,尿布疹
腹腔镜(气膀胱)双侧输尿管向膀胱再植入术,,氢化可的松,肾上腺CT增强,麻疹
腹腔镜检查术(气膀胱),,百咳宁颗粒,垂体MR（3T）增强,慢性肾衰竭
气膀胱双侧输尿管再植术,,去甲万古霉素,肝脏MR增强,皮肤念珠菌病
输尿管向膀胱再植入(左侧，气膀胱下),,维生素K1,颈部MR增强,慢性肾脏病1期
双侧输尿管向膀胱再植入,,七味清咽气雾剂,下腹部CT增强,早产儿
输尿管向膀胱再植入(气膀胱下右侧Cohen),,猴耳环消炎片,骨盆MR增强,急性肾炎综合征
膀胱镜下D-J管取出术 ,,小儿清热宣肺贴膏,右踝关节MR增强,脊柱裂伴脊膜膨出
左输尿管向膀胱再植入,,氟替卡松,左踝关节MR增强,发育障碍
尿道膀胱镜检查术,,水溶性维生素,胰腺MR增强,发育指标延迟
输尿管向膀胱再植入(气膀胱下双侧Cohen),,复方碳酸钙,门静脉CT增强,急性气管炎
膀胱镜下输尿管囊肿（肿瘤）切除术,,喉咽清颗粒,颈椎正位,婴儿湿疹
左侧输尿管再植术,,阿昔洛韦,颈椎张口正位和侧位,睑板腺囊肿
膀胱镜拔双j管术,,复方丁香开胃贴,胆系水成像MRCP,输尿管囊肿
输尿管支架引流术(右侧）,,复方甘草酸苷,甲状腺CT增强,血尿
输尿管向膀胱再植入(双侧反流),,小儿氨酚那敏,下肢血管MRV增强,消化道异物
膀胱镜下双J管术,,蒲地蓝消炎口服液,垂体MR增强,细菌性感染
气膀胱双输尿管再植术,,胆木浸膏糖浆,右股骨正侧位,阴唇粘连
气膀胱下左侧输尿管再植术,,氧氟沙星,右胫腓骨正侧位,营养不良
气膀胱下输尿管向膀胱再植入术。,,赖氨葡锌,左胫腓骨正侧位,青春期发育过早
双侧输尿管膀胱植入术,,碳酸氢钠,右膝关节MR平扫,体癣
输尿管向膀胱再植入(气膀胱下右Cohen),,氟康唑氯化钠,腰椎正侧位,输尿管积水
输尿管向膀胱再植入(双侧腹腔镜中转开放),,复方福尔可定,右大腿MR平扫,性早熟
膀胱镜下左侧输尿管开口抗返流注射治疗,,乙酰麦迪霉素,左大腿MR平扫,干梅腹综合征
气膀胱下双侧输尿管再植入术,,奥美拉唑,左手MR增强,隐睾
双侧输尿管向膀胱再植入术,,维生素C,胰腺CT平扫,链球菌感染
阴囊阴茎（错位）复位术,,克拉霉素,胰腺CT3D(三维成像),手足口病
双输尿管向膀胱再植入,,炉甘石,腰骶椎正侧位,病毒性皮疹
输尿管D-J管置入术(双侧）,,制霉菌素,腰骶椎侧位,佝偻病
膀胱镜下输尿管D-J管置入术(双侧）,,强骨生血口服液,腰骶椎正位,龋齿
输尿管向膀胱再植入(气膀胱下左侧Cohen),,地氯雷他定,头颅MR增强,变应性结膜炎
输尿管向膀胱再植术,,百令胶囊,头颅MRV增强,膀胱炎
膀胱镜下输尿管再植（左）,,琥珀酸亚铁,头颅MRA增强,包皮粘连
气膀胱下输尿管向膀胱再植入,,复方α-酮酸,内听道CT平扫,鼾症
气膀胱镜下双侧输尿管再植术,,福辛普利,全身骨密度,排尿困难
气膀胱双输尿管移植术,,去氧肾上腺素,胸腹正侧位,结膜结石
输尿管向膀胱再植入(气膀胱下双Cohen),,非洛地平,肾上腺CT平扫,肝血管肉瘤
气膀胱输尿管再植术（右侧）,,美托洛尔,脑脊液水成像,排尿里急后重
气膀胱右侧输尿管再植术,,尼卡地平,头颅MRS,喂养困难和照管不当
气膀胱辅助下左侧输尿管再植术,,小儿金百合剂,双手正位,肾盂积水伴输尿管狭窄
膀胱镜下取双J管术,,骨化三醇,双足正位,语言发育障碍
输尿管向膀胱植入,,碘帕醇,颈椎张口位侧位,急性喉炎
腹腔镜辅助下双侧输尿管膀胱再植术,,羚黄宝儿丸,颞骨CT平扫,肠系膜淋巴结炎
气膀胱下双侧输尿管向膀胱再植术,,酚麻美敏,双胫腓骨正侧位,神经源性膀胱
膀胱镜检查术术,,利多卡因,垂体MR平扫,先天性脊髓栓系综合征
腹腔镜气膀胱(左侧，未裁剪，双J管引流),,右美沙芬愈创甘油醚,左足正斜位,头部外伤
输尿管支架引流术(双侧),,妥布霉素,甲状腺显像,异位输尿管
气膀胱输尿管再植术,,曲安奈德益康唑,双足正斜位,慢性肾脏病5期
气膀胱下左侧输尿管膀胱再植术,,黄芪颗粒（片）,右腕关节正侧位,急性鼻窦炎
双侧输尿管向膀胱再植入(Cohen),,碳酸钙D3,右膝关节正侧位,腺样体肥大
输尿管向膀胱再植入(左侧重复肾),,美罗培南,颈部CT增强,EB病毒感染
气膀胱检查,,双歧杆菌三联活菌制剂,甲状腺血流显像,皮肤挫伤
左侧输尿管再植术（cohen）,,血宁糖浆,右肱骨正侧位,输尿管错位
膀胱造瘘管置换术,,馥感啉口服液,颞骨CT3D(三维成像),先天性单侧肾缺如
膀胱镜下输尿管D-J管置入术,,肝素钠,内听道MR增强,接触性皮炎
膀胱镜下输尿管向膀胱再植入(双侧Cohen),,复方甘草甜素（复方甘草酸苷）,眼眶MR增强,先天性输尿管狭窄
输尿管向膀胱再植入(左侧Cohen),,金振口服液,纵隔MR平扫,黄疸
膀胱镜检查,,右旋布洛芬,,头晕和眩晕
膀胱造口关闭术,,地塞米松,,损伤
双输尿管移植术,,去甲肾上腺素,,多形红斑
双侧输尿管向膀胱再植入(气膀胱下Cohen),,头孢美唑钠,,感染性腹泻
输尿管向膀胱再植入(气膀胱双侧),,头孢硫脒,,口炎
气膀胱输尿管向膀胱再植入术（双侧）,,银胡感冒散,,动脉导管未闭
输尿管向膀胱再植入(气膀胱下右侧再植),,左卡巴斯汀,,皮肤和皮下组织疾患
膀胱镜下右侧输尿管粘膜下硬化剂Deflux注射治疗,,硝普钠,,软组织疾患
"膀胱镜下治疗术(粘膜下注射,右侧)",,阿奇霉素,,外耳湿疹
输尿管向膀胱再植入(双侧，腹腔镜气膀胱),,阿托品,,气管支气管炎
输尿管向膀胱再植入(气膀胱下双根Cohen),,异丙肾上腺素,,先天性巨输尿管
输尿管向膀胱再植入(双侧Cohen腹腔镜气膀胱术),,头孢唑林,,肠功能紊乱
输尿管向膀胱再植入(双侧，腹腔镜气膀胱术),,枸橼酸钾,,尿道下裂
气膀胱下输尿管向膀胱再植术,,左氧氟沙星,,开放性上肢损伤
输尿管向膀胱再植入(左侧腹腔镜中转开放),,小儿肠胃康颗粒,,高热惊厥
尿道瓣膜切除术(瓣膜切开),,复方头孢克洛,,盗汗
尿道镜检查,,开喉剑喷雾剂(儿童型),,甲营养不良
膀胱镜下药物注射治疗（Deflux）,,钆双胺,,听力检查
膀胱镜下治疗术(双侧Deflux),,去乙酰毛花苷,,花斑癣
输尿管向膀胱再植入(气膀胱下双Cohen）,,左乙拉西坦,,眶蜂窝织炎
气膀胱镜下双侧输尿管膀胱再植术,,锝[99mTc]双半胱氨酸,,包皮过长
气膀胱输尿管向膀胱再植入(双侧),,硝苯地平,,脑室扩张
气膀胱下双侧输尿管膀胱再植术（术中未留置双J管）,,补液盐Ⅲ,,肾结石
气膀胱下双侧输尿管膀胱再植术（Cohen）,,单唾液酸四己糖神经节苷脂,,外耳炎
双侧输尿管置D-J管术,,酚磺乙胺,,胆管炎
气膀胱镜下右侧输尿管再植术,,环酯红霉素,,血管神经性水肿
膀胱镜下治疗术(左侧Deflux注射治疗),,普罗帕酮,,多尿
左输尿管向膀胱植入,,丙卡特罗,,非化脓性中耳炎
膀胱镜检查+气膀胱下双侧输尿管再植术,,头孢氨苄,,鼻腔异物
气膀胱下输尿管再植术,,头孢泊肟酯,,脂溢性皮炎
气膀胱下左侧输尿管向膀胱再植术（未留置双J管）,,莫匹罗星,,呃逆
气膀胱双侧输尿管再植术（输尿管向膀胱再植入）,,肾上腺素,,幼年型关节炎
气膀胱下左输尿管再植术,,布拉氏酵母菌,,疱疹性口炎病毒病
腹腔镜气膀胱),,清宣止咳颗粒,,痛性排尿
输尿管向膀胱再植入(双侧,,胃苏颗粒,,房间隔缺损
双侧输尿管向膀胱植入,,醒脾养儿颗粒,,哮喘性支气管炎
多余指切除术(双手),,六氟化硫微泡,,腹壁松弛整形
输尿管成形术(右侧裁剪),,孟鲁司特,,室间隔缺损
腹腔镜下输尿管修补术,,卡替洛尔,,桡骨下端骨折
气膀胱下输尿管再植术（双侧),,头孢噻肟,,肛裂
输尿管向膀胱再植入(右侧反流),,磷酸肌酸钠,,乳腺过早发育
气膀胱下右侧输尿管向膀胱再植入术,,呋塞米,,冻疮
输尿管向膀胱再植入(左侧，腹腔镜气膀胱),,螺内酯,,全身炎症反应综合征
膀胱镜下D-J管取出术(右),,消旋卡多曲,,急性结膜炎
气膀胱下双侧输尿管向膀胱再植入,,儿童回春颗粒,,蛋白尿
膀胱镜检查术 ,,头孢丙烯,,梗阻性和反流性尿路病
气膀胱输尿管移植术,,宣肺止嗽合剂,,眉弓良性肿瘤
气膀胱输尿管向膀胱再植入(左侧),,沙丁胺醇,,头痛
行膀胱镜下D-J管取出术(双侧),,槐杞黄颗粒,,病毒性心肌炎
气膀胱下双侧输尿管向膀胱再植入术,,双扑伪麻,,新生儿呕吐
膀胱镜探查术,,磷霉素,,新生儿脐炎
腹腔镜气膀胱双侧输尿管向膀胱再植入术,,小儿咳嗽糖浆,,股癣
气膀胱左侧输尿管向膀胱再植入术,,小儿肺热咳喘口服液,,腹股沟斜疝
腹腔镜下输尿管向膀胱再植入(左侧),,射干合剂,,病毒感染
输尿管向膀胱再植入术（双侧）,,头孢替安,,先天性睑内翻
膀胱镜拔双j管术（双侧）,,雪梨止咳糖浆,,急性分泌性中耳炎
气膀胱下输尿管向膀胱再植入(双侧cohen),,肺热普清散,,特指特应性皮炎
气膀胱下输尿管向膀胱再植入（右侧cohen）,,复方托吡卡胺,,淋巴结炎
气膀胱腹腔镜双侧输尿管移植术（Cohen''s）,,愈酚伪麻,,单侧腹腔型隐睾
双侧气膀胱输尿管 向膀胱再植,,儿童维D钙,,胃肠功能紊乱
输尿管向膀胱再植入(左侧,,蛋白琥珀酸铁,,口腔粘膜溃疡
膀胱镜检查气膀胱下左侧输尿管再植,,小儿电解质补给,,出血倾向
膀胱镜下D-J管取出术（双侧）,,健胃消食口服液,,双侧腹腔型隐睾
气膀胱双侧输尿管向膀胱再植入术,,柴黄颗粒,,皮肤裂伤
气膀胱输尿管向膀胱再植入术(双侧),,醋酸钙,,口腔炎
气膀胱输尿管再植术/右侧,,去氨加压素,,尿道口炎
气膀胱输尿管再植术双侧,,重组人(牛)碱性成纤维细胞生长因子,,膀胱过度活动症
输尿管支架取出术,,糠酸莫米松,,主动脉缩窄
气膀胱下左侧输尿管向膀胱再植入术（cohen）,,复方胃蛋白酶,,扁平疣
输尿管向膀胱再植入(腹腔镜气膀胱(左侧),,甲氧氯普胺,,传染性单核细胞增多症
输尿管向膀胱再植入(腹腔镜气膀胱)(双侧),,布地奈德福莫特罗,,真菌性泌尿道感染
（气膀胱）双侧输尿管向膀胱再植术,,利巴韦林,,尺骨骨折
膀胱镜下右侧输尿管向膀胱再植术,,小儿复方赖氨酸,,疱疹病毒性口炎
腹腔镜,,鼻渊通窍颗粒,,高血压病
气膀胱右侧输尿管向膀胱再植,,多潘立酮,,单纯性肾囊肿
输尿管向膀胱再植入(气膀胱),,养胃颗粒（片）,,二度烧伤
气膀胱下输尿管向膀胱再植入(双侧),,知柏地黄丸,,脚癣
输尿管向膀胱再植入(腹腔镜气膀胱双侧),,黄栀花口服液,,龟头包皮炎
气膀胱下输尿管向膀胱再植入(双侧,,小儿康颗粒,,足肿胀
输尿管向膀胱再植入(左侧，腹腔镜）,,妥布霉素地塞米松,,过敏性鼻炎伴哮喘
气膀胱右侧输尿管向膀胱再植术,,赖氨肌醇维B12,,车辆事故中人员损伤
双侧气膀胱输尿管向膀胱再植术,,喜炎平注射液,,膀胱造口状态
输尿管向膀胱再植入(腹腔镜气膀胱(双侧）,,阿莫西林,,眼和视力检查
右侧单根输尿管),,小儿定喘口服液,,开放性手指损伤伴指甲损害
左侧重复双根输尿管,,虚汗停颗粒（胶囊）,,上呼吸道疾病
输尿管向膀胱再植入（左侧）,,小儿健胃糖浆,,两肺肺炎
腹腔镜下双侧输尿管向膀胱再植术,,祛风止痒口服液,,缺铁性贫血
输尿管向膀胱再植入(腹腔镜气膀(右侧),,维生素A棕榈酸酯,,寻常疣
,,枸橼酸铋钾,,脾虚食积证
,,环丙沙星氯化钠,,口腔念珠菌感染
,,辛芩颗粒,,尿失禁
,,四磨汤口服液,,双侧肾发育不全
,,还原型谷胱甘肽,,先天性输尿管开口移位
,,小儿双金清热口服液,,膀胱憩室
,,美敏伪麻口服溶液(缓解消化道不适症状的复方OTC制剂),,肾萎缩
,,奥洛他定,,尿道狭窄
,,芩翘口服液,,漏斗胸
,,普拉洛芬,,地中海贫血
,,丹葶肺心颗粒,,肾缺如
,,依美斯汀,,肾发育不全
,,小儿金翘颗粒,,先天性输尿管膀胱开口处狭窄
,,湿疡气雾剂,,鞘膜积液
,,五水头孢唑林,,膈膨升
,,川百止痒洗剂,,输尿管狭窄
,,细菌溶解产物,,肾盂扩张
,,妥洛特罗,,取除输尿管支架
,,左西替利嗪,,肾小管功能损害所致疾病
,,夫西地酸,,尿毒症
,,他克莫司,,糖尿病
,,枯草杆菌二联活菌,,急性咽喉炎急性鼻炎
,,伐昔洛韦,,1型糖尿病
,,银黄含化片,,甲状腺机能减退症
,,除湿止痒软膏,,斑秃
,,童康片,,尿崩症
,,西瓜霜润喉片,,1型糖尿病性酮症酸中毒
,,增液合剂,,血栓性血小板减少性紫癜
,,大补阴丸,,普拉德-威利综合征
,,甲泼尼龙,,急性淋巴细胞白血病
,,善存银片,,猩红热
,,缩泉合剂,,甲状腺机能亢进症
,,小儿热速清颗粒（口服液）,,糖尿病性酮症酸中毒
,,葡萄糖电解质,,多汗症
,,甘露醇,,斜视
,,氟米龙滴,,癫痫
,,托莫西汀,,扁桃体腺样体肥大
,,黄葵胶囊,,视神经萎缩
,,小儿咳喘灵口服液,,脓疱性疱疹样皮炎
,,王氏保赤丸,,淋巴结增大
,,甲泼尼龙琥珀酸钠,,病毒性上呼吸道感染
,,小儿解表止咳口服液,,呕血
,,头孢西丁,,血糖过多
,,小儿肺热咳喘颗粒,,2型糖尿病
,,氨甲苯酸,,1型糖尿病伴并发症
,,儿泻停颗粒,,脱发
,,银贝止咳颗粒,,肥大性鼻炎
,,羧甲司坦,,白发
,,蓝芩口服液,,哮喘
,,五维赖氨酸,,多动性障碍
,,乳果糖,,传染性软疣
,,山白消食合剂,,慢性鼻窦炎
,,大补阴丸（浓缩丸）,,声嘶
,,阿司匹林,,咽峡炎
,,联苯苄唑,,甲癣
,,甘草锌,,糖尿
,,重组人促红素注射液(CHO细胞),,角膜炎
,,昂丹司琼,,甲状腺炎
,,双氯芬酸二乙胺,,急性腮腺炎
,,氟氯西林,,抽动障碍
,,叶酸,,链球菌性扁桃体炎
,,复方太子参颗粒,,肝损害
,,右旋糖酐40葡萄糖,,甲状腺肿
,,羚羊角颗粒,,地图样舌
,,复方嗜酸乳杆菌片(缓解消化道不适症状的复方OTC制剂),,糠秕孢子性毛囊炎
,,黄芩清热利湿合剂,,运动障碍
,,小儿葫芦散,,急性咽喉炎
,,林可霉素,,咳嗽变异性哮喘
,,氨茶碱,,白内障
,,消旋山莨菪碱,,阴道挫伤
,,泼尼松龙,,酸中毒
,,羚贝止咳糖浆,,化脓性腮腺炎
,,人血白蛋白,,胸痛
,,破伤风（人）免疫球蛋白,,新生儿糖尿病
,,舒肤止痒酊,,十二指肠溃疡
,,复方甘草制剂,,肠道寄生虫病
,,透明质酸钠（玻璃酸钠）,,大叶性肺炎
,,鞣酸蛋白,,口周皮炎
,,标准桃金娘油,,髋关节痛
,,二硫化硒,,1型糖尿病性酮症
,,克林霉素棕榈酸酯,,心肌酶谱异常
,,吗替麦考酚酯,,肠痉挛
,,复方氯己定,,出血
,,硝酸咪康唑,,念珠菌病
,,鱼石脂,,关节炎
,,丹参合剂（颗粒、胶囊、片、滴丸、口服液）,,急性咽峡炎
,,氯马斯汀,,睡眠障碍
,,多维铁,,肾性糖尿
,,过氧化氢,,食欲缺乏
,,疏清颗粒,,病毒性肺炎
,,甲硝唑,,肠胃湿热证
,,赛庚啶,,心动过速
,,小儿生血糖浆,,常规和宗教仪式包皮环切术
,,五维牛磺酸,,甲疾患
,,交沙霉素,,面部挫伤
,,色甘酸钠,,白细胞异常
,,小儿肺热清颗粒,,足月小样低体重儿
,,血凝酶(巴曲酶),,青春发育期检查
,,氯地松,,肝大
,,硫糖铝,,乙型肝炎大三阳
,,小儿清热止咳口服液,,淋巴细胞减少症
,,维生素B2,,白细胞增多症
,,托拉塞米,,踝关节扭伤
,,碘酊,,新生儿结膜炎
,,神曲消食口服液,,食管炎
,,小儿肺咳颗粒,,病毒性疣
,,茵栀黄颗粒（口服液）,,感染性休克
,,氟氧头孢,,酮症酸中毒
,,溴己新,,胃肠感冒
,,鼻渊舒胶囊（口服液）,,尿布性皮炎
,,利可君(利血生),,皮下结节
,,柴银口服液,,结膜色素痣
,,溶菌酶,,牙髓炎
,,萘敏维,,中度营养不良
,,小儿愈美那敏,,糖尿病合并低血糖
,,舒咽清喷雾剂,,2-型糖尿病
,,氨苄西林舒巴坦,,肾损伤
,,开塞露,,耳和听力检查
,,秋泻灵合剂,,心肌桥
,,鼠神经生长因子,,唐氏综合征
,,地喹氯铵,,高脂血症
,,左卡尼汀,,高胆固醇血症
,,二甲双胍,,新生儿泌尿系感染
,,法罗培南,,1型糖尿病性肾病
,,小儿布洛芬,,下丘脑综合征
,,小儿宝泰康颗粒,,1型糖尿病性白内障
,,鱼肝油,,垂体功能减退症
,,汞溴红,,下肢静脉曲张
,,小儿腹泻宁(泡腾颗粒),,桥本性甲状腺炎
,,复方利多卡因,,特指手术后状态
,,复方锌布颗粒剂（缓解感冒症状的复方OTC制剂）,,甲状腺结节
,,回春散,,腹膜炎
,,沙棘糖浆,,休克
,,碳酸钙D3(II),,糖耐量异常
,,葡萄糖酸锌,,耳聋
,,羧甲淀粉,,甲状腺功能减退
,,小儿缩泉合剂,,先天性畸形
,,胃肠安丸,,脐疝
,,醋酸氯己啶,,空腹血糖调节受损
,,双氯芬酸钠,,自身免疫性甲状腺炎
,,万古霉素,,肝损伤
,,重组人干扰素α2b,,低钾血症
,,山麦健脾口服液,,肛周脓肿
,,氯苯那敏,,糖尿病酮症酸中毒
,,小儿感冒宁合剂,,角膜上皮脱落
,,小儿感冒舒颗粒,,低钠血症
,,胞磷胆碱钠,,视神经炎
,,复合维生素B,,新生儿低血糖症
,,碘甘油,,心肌损害
,,转移因子,,高钠血症
,,维血宁颗粒,,新生儿高胆红素血症
,,小儿咽扁颗粒,,巨大儿
,,白芍总苷,,甲状腺囊肿
,,单唾液酸四己糖神经节苷脂钠,,视网膜疾患
,,重组人胰岛素,,低蛋白血症
,,精蛋白生物合成人胰岛素,,新生儿肺炎
,,精蛋白锌重组人胰岛素,,枫糖尿病
,,门冬胰岛素,,免疫缺陷病
,,生物合成人胰岛素,,瘀斑
,,甲硝唑氯化钠,,色素失调症
,,高血糖素,,单纯性甲状腺肿
,,维生素B1,,妊娠糖尿病母亲婴儿综合征
,,甘精胰岛素,,慢性甲状腺炎
,,地特胰岛素,,童年孤独症
,,甲钴胺,,糖尿病母婴综合征
,,奥司他韦,,周围神经病
,,酚麻美敏片(缓解感冒症状的复方OTC制剂),,乙肝表面抗原携带者
,,氯化钾,,口腔感染
,,达克罗宁,,喘息性支气管炎
,,多烯磷脂酰胆碱,,脱水
,,格列本脲,,毛囊角化病
,,口炎清颗粒,,新生儿惊厥
,,玉屏风颗粒,,新生儿脑病
,,左甲状腺素,,新生儿黄疸
,,赖脯胰岛素,,精索鞘膜积液
,,果糖二磷酸,,电解质代谢紊乱
,,辅酶Q10,,脑疝
,,多巴酚丁胺,,骨密度和结构疾患
,,重组人生长激素,,睾丸鞘膜积液
,,口腔炎喷雾剂,,支原体感染
,,锡类散,,小于胎龄
,,生长抑素[14肽],,急性颈部淋巴结炎
,,咪达唑仑,,应激性溃疡
,,葡萄糖酸钙,,乳腺纤维结节
,,尿激酶,,新生儿特指感染
,,人凝血酶原复合物,,膝关节半脱位
,,丙泊酚中/长链脂肪乳,,牙龈脓肿
,,复方氨基酸,,继发性甲状腺功能减退症
,,克罗米通,,脑性瘫痪
,,甲巯咪唑,,新生儿呼吸衰竭
,,脑蛋白水解物,,低血糖症
,,维A酸,,高眼压症
,,钆贝葡胺,,消化道出血
,,甘油果糖,,亚临床甲状腺功能减退症
,,哌甲酯,,先天性甲状腺功能减退症
,,克林霉素,,胃-食管反流病
,,苯西卤铵,,1型糖尿病性植物神经紊乱
,,樟脑地塞米松,,上消化道出血
,,中/长链脂肪乳(C8-24),,生长激素缺乏症
,,荆肤止痒颗粒,,胆管结石
,,桉柠蒎,,1型糖尿病性神经源性膀胱
,,右美沙芬,,急性胰腺炎
,,精氨酸,,脑萎缩
,,托吡酯,,腹股沟疝
,,沙美特罗替卡松,,基底节脑梗死
,,兰索拉唑,,糖尿病性周围神经病
,,尿素,,完全性右束支传导阻滞
,,小儿消积止咳口服液,,1型糖尿病性周围神经病
,,丙戊酸钠,,隐性脊柱裂
,,双黄连口服液,,2型糖尿病足病
,,克感利咽口服液,,肠穿孔
,,补液盐Ⅰ,,糖尿病白细胞减少
,,依巴斯汀,,乙型肝炎小三阳
,,多烯酸乙酯,,新生儿败血症
,,氢氯噻嗪,,II型糖尿病
,,小儿复方氨基酸(18AA-I),,应激性高血压
,,苯扎溴铵,,特指甲状腺功能减退症
,,铝碳酸镁,,新生儿肌张力疾患
,,肺力咳合剂（胶囊）,,disease_source_value
,,益肝灵片,,肾发育不良
,,蒲地蓝消炎片,,感染
,,小儿增液合剂,,贫血
,,甲苯咪唑,,泌尿道感染
,,硫必利,,肝功能异常
,,促皮质素,,先天性后尿道瓣
,,拉莫三嗪,,感染性发热
,,碳酸钙D3(维生素D3碳酸钙),,肾功能不全
,,维生素E,,慢性肾功能不全
,,芬太尼,,变应性鼻炎
,,低分子肝素钙,,先天性尿道瓣膜性狭窄，慢性肾功能不全
,,石蜡油,,左肾积水
,,华法林,,肾脓肿
,,莫沙必利,,皮炎
,,更昔洛韦,,湿疹
,,地奥司明,,中枢神经系统感染
,,依那普利,,呕吐
,,复方对乙酰氨基酚,,特指急性胃炎
,,胸腺肽,,肠炎
,,酮替芬,,腹泻
,,八珍丸（颗粒、胶囊、片）,,气虚证
,,小儿泻速停颗粒,,咨询
,,氯丙嗪,,膀胱输尿管反流双侧
,,帕尼培南倍他米隆,,泌尿道感染肝功能异常
,,长春地辛,,胃窦炎
,,巯嘌呤,,风热表证
,,多巴胺,,脓毒血症
,,硫酸镁,,痱子
,,人免疫球蛋白(pH4),,多指
,,普萘洛尔,,急性上呼吸道感染咳嗽
,,阿糖胞苷,,消化不良
,,重组人粒细胞刺激因子,,急性胃肠炎
,,羟乙基淀粉130/0.4氯化钠,,荨麻疹
,,甲氨蝶呤,,慢性肾功能衰竭
,,drug_source_value,,涉及免疫机制疾患
,,10%水合氯醛口服液(六院),,过敏性肠炎
,,右旋糖酐铁口服液,,便血
,,5%葡萄糖针(四川),,异位肾
,,10%葡萄糖针(百特),,急性肾炎
,,0.9%氯化钠针,,轮状病毒肠炎
,,布地奈德雾化吸入混悬液(普米克令舒),,继发性贫血
,,(I)呋喃妥因肠溶片,,急性外阴炎
,,5%葡萄糖针(大冢),,感染性皮炎
,,苯巴比妥钠针(福建),,先天性卵圆孔未闭
,,0.9%氯化钠针(大冢 塑料安瓿装),,膀胱输尿管反流双侧5级
,,拉氧头孢钠针(噻吗灵0.25),,白色糠疹
,,头孢克肟颗粒(世福素),,血管瘤
,,10%浓氯化钠针(扬州中宝),,身材矮小症
,,注射用头孢唑肟钠(益保世灵 0.75g),,A族链球菌感染
,,特布他林雾化液(博利康尼),,昆虫性皮炎
,,异丙托溴铵雾化吸入溶液(爱全乐),,先天性尿道瓣膜性狭窄
,,(艾畅)小儿伪麻美芬滴剂,,阴虚火旺证
,,氨溴特罗口服液(易坦静),,丘疹性荨麻疹
,,氯雷他定糖浆(开瑞坦),,肝血管瘤
,,10%水合氯醛口服溶液(新华),,面部血管瘤
,,阿莫西林克拉维酸钾分散片(君尔清),,肺炎支气管炎
,,脾氨肽口服冻干粉(复可托),,过敏性紫癜
,,地奈德乳膏(力言卓),,重复肾
,,酪酸梭菌二联活菌胶囊(常乐康),,玫瑰糠疹
,,维生素AD软胶囊 <1岁,,肾盂积水伴输尿管狭窄左侧开窗术后
,,布洛芬混悬滴剂(美林),,急性肾盂肾炎发热
,,(II)头孢哌酮钠舒巴坦钠针(舒普深),,急性肾功能不全
,,金霉素眼膏,,苔藓样皮炎
,,0.9%氯化钠针(长富),,白斑病
,,0.9%氯化钠针(百特),,泌尿道感染支气管炎
,,10%氯化钾针,,足蜂窝织炎
,,氨咖黄敏口服液,,暴露于特指和人为环境因素下
,,(I)阿莫西林克拉维酸钾分散片(君尔清),,尿道梗阻性肾积水
,,5%葡萄糖0.9%氯化钠针(百特),,胃炎
,,维生素D滴剂(胶囊型),,血小板减少症
,,维生素AD滴剂<1岁(伊可新),,继发性血小板减少
,,维生素D3针,,癫痫癫痫
,,头孢哌酮钠舒巴坦钠针(舒普深),,眼睑皮炎
,,(II)头孢吡肟针(马斯平),,左侧膀胱输尿管反流V级
,,西替利嗪滴剂(仙特明),,轻度贫血
,,灭菌注射用水(信谊金朱),,重度营养不良伴消瘦
,,(II)头孢克肟颗粒(世福素),,湿热内蕴证
,,呋喃妥因肠溶片,,蜂窝织炎
,,5%葡萄糖针(百特),,先天性可回缩睾丸
,,呋喃西林溶液(康尼欣),,输尿管积水双侧
,,5%葡萄糖0.9%氯化钠针(大冢),,肾积水双侧
,,对乙酰氨基酚栓(小儿退热栓),,多处一度烫伤
,,碘海醇针(欧乃派克 300),,眼睑囊肿
,,蒙脱石混悬液,,外耳道炎
,,脾氨肽口服冻干粉(百利金),,双侧膀胱输尿管反流术后
,,0.5%金霉素眼膏,,左侧肾积水术后
,,注射用头孢唑肟钠(益保世灵 1g),,过敏性皮炎皮炎
,,复方多粘菌素B软膏,,手术后尿道狭窄
,,头孢克洛干混悬剂(希刻劳),,膀胱输尿管反流双侧术后
,,盐酸金霉素眼膏(辰欣),,膀胱输尿管反流左侧
,,口服酪酸梭菌活菌散剂(米雅),,先天性心脏病随访
,,布洛芬混悬液(美林),,饮食性锌缺乏
,,维生素B6注射液(山东),,先天性尿道畸形
,,头孢地尼胶囊(全泽复),,膀胱输尿管反流术后
,,头孢曲松钠针(罗氏芬),,膀胱功能检查异常
,,头孢他定针(复达欣),,包皮检查
,,哌拉西林钠他唑巴坦钠针(邦达),,急性肠炎
,,对乙酰氨基酚混悬液(泰诺林),,感冒
,,复方小儿退热栓(九华),,急性鼻炎
,,(I)复方磺胺甲噁唑片(Co SMZ),,睑内翻和倒睫
,,(II)(邦达)哌拉西林钠他唑巴坦钠针,,脓疱病
,,(I)头孢克洛干混悬剂(希刻劳),,甲沟炎
,,(III)利奈唑胺片(斯沃),,特应性皮炎特应性皮炎
,,复方曲安奈德乳膏(康纳乐),,上呼吸道感染
,,氨溴索针(沐舒坦),,睾丸附件扭转
,,蒙脱石散(思密达),,低钙血症
,,除湿止痒洗液 200ml,,皮肤脓肿
,,多磺酸粘多糖乳膏(喜疗妥),,中耳炎中耳炎
,,氨溴索口服溶液(沐舒坦),,尺骨骨折骨折
,,阿魏酸哌嗪片（带量）,,高血压
,,小儿豉翘清热颗粒(同贝 9包),,二度烫伤
,,硝酸舍他康唑乳膏(立灵奇),,肾占位性病变
,,小儿柴桂退热颗粒(苗泰),,下焦湿热证
,,地衣芽孢杆菌活菌颗粒(整肠生),,特指胃炎
,,阿魏酸哌嗪片（宝盛康）,,肺炎2:腹泻
,,5%丁苯羟酸乳膏,,肺炎肺炎
,,匹多莫德分散片(唯田),,比翼(线虫)病
,,西咪替丁注射液(上海哈森),,皮炎荨麻疹
,,炎琥宁针,,斜颈
,,0.25%奥硝唑氯化钠针(圣诺安),,汗疱疹
,,5%葡萄糖注射液（华仁）,,唇炎
,,0.9%氯化钠注射液（华仁）,,病毒性肠炎
,,异丙嗪针(非那根),,肝功能不全
,,青霉素皮试剂(康恩贝),,败血症
,,(II)拉氧头孢钠针(噻吗灵),,轮状病毒肠炎腹泻
,,溴己新葡萄糖针(若通),,结膜炎结膜炎
,,(明可欣)头孢呋辛钠针,,膀胱输尿管反流(双侧)
,,(II)头孢地尼胶囊(全泽复),,膀胱输尿管反流(左侧IV级)
,,(II)头孢他定针(复达欣),,膀胱输尿管反流(双侧术后)
,,(II)拉氧头孢钠针(噻吗灵0.25),,膀胱输尿管反流(左侧，III级)(伴左肾小)
,,氟康唑胶囊(大扶康),,(双侧)膀胱输尿管反流
,,枸橼酸钠干粉(带瓶),,"膀胱输尿管反流(双侧,III-IV 级)"
,,葡萄糖酸钙锌口服液(锌钙特),,(双)膀胱输尿管反流(III-IV)
,,苯巴比妥钠针(新亚),,膀胱输尿管反流(右侧术后)
,,5%葡萄糖0.9%氯化钠注射液（华仁）,,膀胱输尿管反流(左)
,,(II)头孢曲松钠针(罗氏芬),,膀胱输尿管反流(双侧)(左侧III级 右侧III级)
,,复方磺胺甲噁唑片(Co SMZ),,融合肾
,,氢化可的松乳膏(尤卓尔),,膀胱输尿管反流(左侧膀胱输尿管返流IV级)
,,(III)去甲万古霉素针(万迅),,肾结石(左侧)
,,维生素K1针,,膀胱输尿管反流(双侧，术后)
,,猴耳环消炎颗粒(宝立佳),,膀胱输尿管反流(左侧伴肾积水)
,,丙酸氟替卡松乳膏(0.05%),,膀胱输尿管反流(右侧5级)
,,脂溶性维生素针I,,膀胱输尿管反流(双)
,,复方碳酸钙泡腾颗粒(盖笛欣),,先天性尿道瓣膜性狭窄(术后)
,,阿昔洛韦滴眼液,,(左侧)膀胱输尿管反流(IV级)
,,复方甘草酸苷针(美能),,膀胱输尿管反流(右侧)
,,10%浓氯化钠针,,膀胱输尿管反流(双侧Ⅴ级)
,,5%葡萄糖注射液(四川),,膀胱输尿管反流(右侧，Ⅲ级)
,,小儿氨酚黄那敏颗粒(信谊),,膀胱输尿管反流(左侧，III-IV级)
,,氧氟沙星眼膏(迪可罗),,膀胱输尿管反流(左侧III级)
,,赖氨葡锌颗粒(迪沙),,膀胱输尿管反流(双侧)(III-IV级)
,,5%碳酸氢钠针(回音必),,(双侧)膀胱输尿管反流(IV级)
,,(II)氟康唑氯化钠针(大扶康100mg),,"膀胱输尿管反流(左侧,Ⅱ级)"
,,复方福尔可定口服溶液(立健佳),,膀胱输尿管反流(左侧)
,,乙酰麦迪霉素干混悬剂(美力泰),,肾积水(左)
,,氧氟沙星滴耳液,,膀胱输尿管反流(双侧)(IV级)
,,奥美拉唑钠针(洛赛克),,膀胱输尿管反流(双侧)(治愈)
,,维生素C针(信谊),,尿道下裂(阴茎体型)
,,(I)克拉霉素干混悬剂(25mg/ml),,膀胱输尿管反流(右侧Ⅲ-Ⅳ级，左侧Ⅱ级)
,,炉甘石洗剂,,膀胱输尿管反流(双侧)(左侧V级右侧V级)
,,制霉菌素甘油,,(双侧)膀胱输尿管反流(返流性肾病)
,,对乙酰氨基酚混悬滴剂(泰诺林),,膀胱输尿管反流(左侧，IV-V级)
,,地氯雷他定干混悬剂(芙必叮),,慢性肾功能不全(CKD-III期)
,,百令胶囊(0.5g),,膀胱输尿管反流(双侧)(Ⅴ级)
,,琥珀酸亚铁片(速力菲),,(双侧)膀胱输尿管反流(术后)
,,复方α-酮酸片(开同),,膀胱输尿管反流(右侧，V级)
,,福辛普利片(蒙诺),,膀胱输尿管反流(左侧，II—III级)
,,去氧肾上腺素针(新福林),,膀胱输尿管反流(右)
,,非洛地平缓释片(波依定),,慢性肾功能不全(2-3期)
,,美托洛尔片(倍他乐克),,膀胱输尿管反流(左侧，V级)
,,尼卡地平针(佩尔),,肾发育不良(双侧)
,,小儿金百合剂(练塘),,膀胱输尿管反流(左侧I级，右侧III级)
,,骨化三醇胶丸(罗盖全),,隐睾(术后)
,,碘帕醇针(典比乐 370),,异位肾(左侧，盆腔位)
,,拉氧头孢钠针(噻吗灵),,先天性输尿管开口移位(左侧术后)
,,维生素C针(禾丰),,膀胱输尿管反流(左)(伴肾发育不良)
,,酚麻美敏混悬液(泰诺),,(双侧)膀胱输尿管反流(双侧，III级)
,,炎琥宁针(芷诺),,膀胱输尿管反流(右侧 III级)
,,2%利多卡因针,,膀胱输尿管反流(左侧 III级)
,,右美沙芬愈创甘油醚糖浆(史达功),,慢性肾脏疾病(4期)
,,妥布霉素滴眼液(托百士),,肾萎缩(左)
,,曲安奈德益康唑乳膏(派瑞松),,肾积水(左侧)
,,黄芪颗粒(无蔗糖),,膀胱输尿管反流(右侧II级，左侧III-IV级)
,,碳酸钙D3颗粒(朗迪),,膀胱输尿管反流(右IV级，左III级)
,,2%利多卡因针(禾丰),,肾积水(双侧)
,,乙酰麦迪霉素颗粒(美加欣),,"尿道狭窄(术后,功能性排尿异常神经源性膀胱)"
,,(III)美罗培南针(美平),,膀胱输尿管反流(双侧)(左侧III级，右侧II级)
,,双歧杆菌三联活菌散(培菲康),,膀胱输尿管反流(右侧Ⅳ级，左侧Ⅱ~Ⅲ级)
,,肝素钠针(第一生化),,(双侧)膀胱输尿管反流(IV~V级)
,,复方甘草酸苷片(美能),,膀胱输尿管反流(双侧)(左侧IV级，右侧II~III级)
,,右旋布洛芬栓(同泽安),,膀胱输尿管反流(右侧II级)
,,地塞米松针(容生),,畸胎瘤(腹部；术后)
,,去甲肾上腺素针,,膀胱输尿管反流(右侧Ⅳ-V级，左侧III-IV级)
,,复方丁香开胃贴(6丸),,隐睾(右侧术后)
,,头孢呋辛钠针(安可欣),,泌尿道感染(尿路感染)
,,维生素K1针(容生),,"膀胱输尿管反流(双侧,V级)"
,,复方α-酮酸片(科罗迪),,"膀胱输尿管反流(左侧,术后)"
,,头孢美唑钠针(美之全),,(左侧)膀胱输尿管反流
,,头孢硫脒针(仙力素),,膀胱输尿管反流(左侧II级，右侧IV级)
,,左卡巴斯汀鼻喷剂(立复汀),,膀胱输尿管反流(右侧V级，左侧III-IV级)
,,硝普钠针(武汉),,膀胱输尿管反流(右侧，III级)
,,阿奇霉素干混悬剂(希舒美),,膀胱输尿管反流(双侧)(5级)
,,(I)0.25%奥硝唑氯化钠针(圣诺安),,膀胱输尿管反流(双侧 IV级)
,,阿托品针,,肾发育不良(左侧)
,,异丙肾上腺素针,,膀胱输尿管反流(双侧)(右侧Ⅳ~Ⅴ级，左侧Ⅴ级)
,,(I)头孢唑林钠针(鲁抗),,膀胱输尿管反流(左侧Ⅳ级，右侧II级)
,,枸橼酸钾干粉(带瓶),,(右侧)膀胱输尿管反流
,,左氧氟沙星滴眼液(可乐必妥),,膀胱输尿管反流(左侧IV级，右侧V级)
,,头孢唑肟钠针(达力清),,膀胱输尿管反流(左侧Ⅴ级)
,,5%碳酸氢钠针,,膀胱输尿管反流(右侧IV级，左侧II级)
,,10%枸橼酸钾口服液(六院),,膀胱输尿管反流(左侧，III级)
,,维生素C针(5支装),,"膀胱输尿管反流(左侧III级,右侧II级)"
,,小儿肠胃康颗粒(江西),,膀胱输尿管反流(右侧IV级，左侧V级)
,,复方头孢克洛干混悬剂(熙蒙),,(左侧)膀胱输尿管反流(III 级)
,,28.7%钆双胺针(欧乃影),,肾发育不良(右侧)
,,去乙酰毛花苷针(西地兰),,膀胱输尿管反流(右侧Ⅲ级，左侧Ⅱ级)
,,10%左乙拉西坦口服溶液(开浦兰),,"膀胱输尿管反流(右),伴反流性肾病)"
,,锝双半胱氨酸(EC　核医学),,膀胱输尿管反流(术后)(双)
,,0.9%氯化钠注射液(华鲁),,巨输尿管(双侧)
,,硝苯地平片(心痛定),,膀胱输尿管反流(左侧 III-IV级)
,,口服补液盐Ⅲ(博叶),,单纯性肾囊肿(右侧)
,,(申捷)单唾液酸四己糖神经节苷脂钠针,,先天性输尿管开口移位(左侧，再植术后)
,,酚磺乙胺针(止血敏),,(右)巨输尿管
,,头孢硫脒针(拜乐新),,膀胱输尿管反流(右侧Ⅲ级)
,,环酯红霉素干混悬剂,,膀胱输尿管反流(左侧；术后)
,,普罗帕酮针(心律平 信宜),,膀胱输尿管反流(术后)
,,0.0005%丙卡特罗口服溶液(美普清),,膀胱输尿管反流(左侧，I级)
,,头孢羟氨苄咀嚼片,,肾发育不良(右)
,,头孢地尼分散片(希福尼 12'),,膀胱输尿管反流(左侧I级)
,,头孢泊肟酯干混悬剂(纯迪),,膀胱输尿管反流(右侧、术后)
,,匹多莫德口服液(普利莫),,膀胱输尿管反流(右侧IV级)
,,2%莫匹罗星软膏(百多邦),,慢性肾功能不全(CKD3期)
,,肾上腺素针,,膀胱输尿管反流(双侧，V级)
,,布拉氏酵母菌散剂(亿活),,膀胱输尿管反流(双侧V级)
,,注射用拉氧头孢钠(0.5),,膀胱输尿管反流(膀胱造口术后，双侧)
,,西咪替丁片(泰胃美),,膀胱输尿管反流(双侧再植术后)
,,胃苏颗粒(9袋 无糖型),,膀胱输尿管反流(右侧Ⅲ-Ⅳ级，左侧Ⅰ级)
,,地塞米松针 2mg,,(左侧)膀胱输尿管反流(III级)
,,炉甘石洗剂（星海）,,膀胱输尿管反流(左侧 II级)
,,头孢呋辛钠针(西力欣),,膀胱输尿管反流(左侧Ⅳ级)
,,注射用六氟化硫微泡,,膀胱输尿管反流(III级)(左侧)
,,孟鲁司特钠颗粒,,肾积水(左侧UPJO术后)
,,2%卡替洛尔滴眼液(美开朗 100mg),,膀胱输尿管反流(右侧Ⅳ级)
,,头孢噻肟钠针(凯福隆),,膀胱输尿管反流(左侧V级)
,,磷酸肌酸钠针(唯嘉能),,重复肾(左)
,,呋塞米片(速尿),,"膀胱输尿管反流(双侧,IV级)"
,,螺内酯片（安体舒通）,,膀胱输尿管反流(左侧2级)
,,消旋卡多曲颗粒(杜拉宝),,膀胱输尿管反流(双侧)(左侧III级，右侧III-IV级)
,,儿童回春颗粒(含糖型),,膀胱输尿管反流(右侧Ⅳ-Ⅴ级，左侧III级)
,,酪酸梭菌活菌散剂(米雅),,膀胱输尿管反流(左侧Ⅲ级)
,,头孢丙烯分散片(银力舒),,上呼吸道疾病(感染)
,,沙丁胺醇缓释胶囊(爱纳灵),,膀胱输尿管反流(左侧，III级)(左侧)
,,氯雷他定片(开瑞坦),,膀胱输尿管反流(右侧III级)
,,氨酚伪麻那敏口服溶液(哇服灵),,肾萎缩(左侧)
,,金振口服液(8支装),,膀胱输尿管反流(左侧)(IV级)
,,(严护)炎琥宁针,,巨输尿管(右侧 术后)
,,(I)磷霉素钠针(复美欣),,膀胱输尿管反流(双侧)(右侧IV级，左侧III级)
,,射干合剂(练塘),,腹股沟斜疝(右)
,,小儿肺热咳喘口服液(10支装),,膀胱输尿管反流(右侧Ⅴ级  左侧Ⅲ级)
,,孟鲁斯特钠咀嚼片(顺尔宁),,膀胱输尿管反流(双侧输尿管再植术后)
,,头孢替安针(韩国),,泌尿道感染(急性肾盂肾炎)
,,雪梨止咳糖浆(金鼎),,重复肾(左侧)
,,氯雷他定糖浆(伊百芝100ml),,肾缺如(左侧)
,,头孢丙烯干混悬剂(希能),,膀胱输尿管反流(双侧，左侧III-IV度，右侧II度)
,,(基)苯巴比妥钠针(新亚),,膀胱输尿管反流(左III级)
,,复方托吡卡胺滴眼液(美多丽),,"膀胱输尿管反流(左侧III级,右侧I级)"
,,蒲地蓝消炎口服液(12支),,膀胱输尿管反流(右侧I级)
,,胃苏颗粒(无糖型),,膀胱输尿管反流(双侧)(左侧V级，右侧II级)
,,奥美拉唑镁肠溶片(洛镁赛),,先天性肾畸形(马蹄肾)
,,地塞米松注射液(5mg),,膀胱输尿管反流(双侧，III-IV级)
,,愈酚伪麻口服溶液(艾舒),,膀胱输尿管反流(左)(三-四级)
,,儿童维D钙咀嚼片(迪巧),,膀胱输尿管反流(右侧V级，左侧I级)
,,蛋白琥珀酸铁口服液(济琥平),,膀胱输尿管反流(双侧)(左侧IV级，右侧II级)
,,小儿肠胃康颗粒(海鹤),,膀胱输尿管反流(右侧1级)
,,小儿电解质补给针,,肾发育不全(肾囊肿)
,,呋塞米针(禾丰),,隐睾(双侧)(右侧术后)
,,(基)0.9%氯化钠针(百特),,(双侧)膀胱输尿管反流(右侧术后  左侧Ⅳ度返流)
,,(基)0.9%氯化钠针(大冢 塑料安瓿装),,膀胱输尿管反流(双侧III-IV级)
,,注射用奥美拉唑钠(洛赛克),,膀胱输尿管反流(右侧 Ⅴ级)
,,柴黄颗粒(新博),,(左侧)肾发育不良
,,阿奇霉素颗粒(II),,膀胱输尿管反流(双侧)(右侧II级 左侧I级)
,,注射用头孢唑肟钠(1g),,膀胱输尿管反流(双侧)(术后)
,,醋酸钙颗粒(无糖型),,膀胱输尿管反流(气膀胱双侧输尿管膀胱再植术)
,,乳糖酸阿奇霉素针(其仙 0.125g),,先天性输尿管膀胱开口处狭窄(右侧术后)
,,(基)去氨加压素片(弥凝),,膀胱输尿管反流(双侧4-5级)
,,牛碱性生长因子溶液(贝复剂),,膀胱输尿管反流(双侧)(左侧III级，右侧V级)
,,糠酸莫米松鼻喷雾剂(内舒拿),,膀胱输尿管反流(左侧，I级右侧术后)
,,复方胃蛋白酶散,,膀胱输尿管反流(返流性肾病)(左侧I级)
,,甲氧氯普胺针(胃复安),,膀胱输尿管反流(双侧)(左侧III级，右侧IV级)
,,布地奈德福莫特罗粉吸入剂(信必可都保),,膀胱输尿管反流(右)(伴右肾积水)
,,孟鲁司特钠咀嚼片(平奇),,(右侧)膀胱输尿管反流(III-IV级)
,,利巴韦林气雾剂(信韦林),,膀胱输尿管反流(双侧，Ⅲ级)
,,氯雷他定口腔崩解片(雷定),,(双侧)肾积水
,,小儿复方赖氨酸颗粒,,膀胱输尿管反流(右侧Ⅴ级)
,,注射用头孢唑肟钠【1g】,,膀胱输尿管反流(双侧 Ⅲ级)
,,炎琥宁针(力捷迅),,膈膨升(右侧)
,,阿托品眼用凝胶(迪善),,先天性输尿管开口移位(左侧，形成瓣膜样阻挡)
,,维生素B6针(申凯能),,膀胱输尿管反流(左侧IV级，术后)
,,多潘立酮混悬液(吗丁啉),,膀胱输尿管反流(右侧Ⅳ级)(术后)
,,养胃颗粒,,膀胱输尿管反流(左侧术后)
,,奥美拉唑镁肠溶片(洛赛克Mups),,膀胱输尿管反流(术后)(右侧拔管)
,,妥布霉素地塞米松滴眼液(典必殊),,膀胱输尿管反流(双侧IV级)
,,赖氨肌醇维B12口服溶液(同笑),,"膀胱输尿管反流(双侧)(右侧,V级;左侧,III级)"
,,喜炎平针,,膀胱输尿管反流(双侧)(左侧V级，右侧III级)
,,阿莫西林胶囊,,先天性脊髓栓系综合征()
,,虚汗停颗粒,,膀胱输尿管反流(左侧返流III级，输尿管向膀胱再植入术后)
,,克拉霉素干混悬剂(25mg/ml),,膀胱输尿管反流(右侧术后；左侧IV-V级)
,,祛风止痒口服液(泰华堂),,膀胱输尿管反流(双侧)(（IV级）)
,,维生素A棕榈酸酯眼用凝胶(兹养),,膀胱输尿管反流(右IV-V级，左IV级)
,,维生素B6针(常州),,膀胱输尿管反流(左侧)(III级 术后)
,,枸橼酸铋钾胶囊(丽珠得乐),,膀胱输尿管反流(左侧)(再植术后)
,,磷霉素钠针(复美欣),,脊髓空洞症()
,,(II)环丙沙星氯化钠针(西普乐),,膀胱输尿管反流(左侧III级 返流性肾病)
,,还原型谷胱甘肽针(阿拓莫兰),,腹股沟斜疝(右侧)
,,美敏伪麻口服溶液(惠菲宁),,膀胱输尿管反流(左侧 IV级)
,,奥洛他定滴眼液(帕坦洛),,"膀胱输尿管反流(右IV-V,左I)"
,,利多卡因胶浆,,"膀胱输尿管反流(左侧,IV级)"
,,0.5%丙卡特罗口服溶液(美普清),,输尿管狭窄(右侧术后)
,,普拉洛芬滴眼液(普南扑灵),,膀胱输尿管反流(左侧)(III级)
,,(基)10%葡萄糖针(百特),,尿道狭窄(尿道扩张术后)
,,(基)5%葡萄糖针(百特),,膀胱输尿管反流(右侧Ⅰ级)(自愈)
,,0.02%呋喃西林溶液(海南),,膀胱输尿管反流(右侧Ⅳ级，右肾发育不良)
,,依美斯汀滴眼液(埃美丁),,输尿管积水(双侧)
,,(基)10%浓氯化钠针(扬州中宝),,膀胱输尿管反流(左侧术后，双根再植术后)
,,小儿柴桂退热口服液,,"膀胱输尿管反流(右II~III级,左II级)"
,,复方头孢克洛干混悬剂,,先天性心脏病(室间隔缺损)
,,注射用阿奇霉素针(其仙 0.125g),,膀胱输尿管反流(右)(V级)
,,去氨加压素片(弥凝),,(右侧)膀胱输尿管反流(III-Ⅳ级)
,,头孢丙烯干混悬剂(12袋),,膀胱输尿管反流(双侧，III级)
,,注射用五水头孢唑啉钠(新泰林),,膀胱输尿管反流(左侧，IV级)
,,赖氨葡锌颗粒,,膀胱输尿管反流(右侧  Ⅳ级)
,,细菌溶解产物胶囊(泛福舒),,膀胱输尿管反流(双侧)(右侧V级，左侧III级)
,,0.1%脾氨肽口服液,,肾积水(右侧)
,,头孢硫脒针,,重复肾(左侧，伴肾和输尿管积水)
,,妥洛特罗贴剂(阿米迪 1mg),,膀胱输尿管反流(左，III级)
,,左西替利嗪口服溶液(迪皿),,"膀胱输尿管反流,右III，左V"
,,0.2%利多卡因稀释液(山东),,膀胱输尿管反流(右侧Ⅳ级，左侧Ⅱ级)
,,夫西地酸乳膏(立思丁),,膀胱输尿管反流(右侧，左侧再植术后)
,,他克莫司软膏(0.03%普特彼),,肾盂扩张(左侧)
,,枯草杆菌二联活菌颗粒(妈咪爱),,(双侧)肾发育不良
,,伐昔洛韦颗粒(明竹欣),,膀胱输尿管反流(右 IV级)
,,西瓜霜润喉含片,,膀胱输尿管反流(左侧II级，右侧III级)
,,复方α-酮酸片,,先天性巨输尿管(双侧术后)
,,西咪替丁注射液（山东方明）,,(双)肾发育不良
,,小儿豉翘清热颗粒(同贝),,膀胱输尿管反流(左侧IV期)
,,(基)10%氯化钾针,,肾积水(左肾积水肾盂成形术后)
,,玄地滋阴合剂(练塘),,先天性巨输尿管(双侧再植术后)
,,大补阴丸(微粒),,膀胱输尿管反流(双侧输尿管向膀胱再植术后)
,,甲泼尼龙针(甲强龙),,膀胱输尿管反流(双侧IV-V级)
,,小儿善存片,,膀胱输尿管反流(双侧)(IV-V级)
,,缩泉合剂(练塘),,神经源性膀胱()
,,小儿热速清颗粒,,膀胱输尿管反流(左侧，III-IV级，左肾小)
,,葡萄糖电解质泡腾片(朴吉康),,肾发育不良(肾囊肿)
,,10%葡萄糖注射液（华仁）,,(双侧)输尿管扩张
,,20%甘露醇注射液(科伦),,输尿管狭窄(右侧输尿管膀胱吻合术后，无抗反流)
,,氟米龙滴眼液(氟美童 0.02%),,肾发育不良(左)
,,托莫西汀胶囊(择思达),,(双侧)膀胱输尿管反流(左侧IV级，右侧III-IV级)
,,小儿咳喘灵口服液(浓缩型),,膀胱输尿管反流(双侧 V级)
,,甲泼尼龙针琥珀酸钠针(尤米乐),,膀胱输尿管反流(右侧，III—IV级)
,,头孢地尼分散片(希福尼),,膀胱输尿管反流(左侧II-III级)
,,头孢西丁钠针(庆复康),,膀胱输尿管反流(右侧IV级，左侧I级)
,,(II)(强力阿莫仙)阿莫西林克拉维酸钾针,,膀胱输尿管反流(左侧Ⅰ级)
,,(II)哌拉西林钠他唑巴坦钠针(邦达),,隐睾(左)(高位)
,,克拉霉素分散片(澳扶安),,重复肾(右)
,,阿奇霉素针(希舒美),,膀胱输尿管反流(（左侧）)
,,头孢西丁钠针(庆复康）,,膀胱输尿管反流(双侧术后，双J管留置)
,,小儿肺热咳喘颗粒(海南),,输尿管扩张(左侧)
,,(III)亚胺培南西司他丁钠针(泰能),,膀胱输尿管反流(左侧)(术后)
,,氨甲苯酸针(止血芳酸),,膀胱输尿管反流(（IV级）)
,,氯雷他定糖浆(伊百芝),,膀胱输尿管反流(右侧Ⅲ级，左侧II-Ⅲ级)
,,雪梨止咳糖浆(武当),,膀胱输尿管反流(右侧Ⅳ-Ⅴ级，左侧Ⅲ-Ⅳ)
,,羧甲司坦口服溶液(霸灵),,膀胱输尿管反流(左侧II级)
,,西咪替丁针(泰为美),,膀胱输尿管反流(双术后，左侧输尿管开口狭窄再置管)
,,(II)头孢美唑钠针(美之全),,膀胱输尿管反流(双侧III级)
,,蓝芩口服液(12支),,(右侧)膀胱输尿管反流(IV级)
,,氨咖黄敏口服溶液(120ml),,膀胱输尿管反流(右侧，术后)
,,五维赖氨酸颗粒(维乐多),,膀胱输尿管反流(左侧)(II级)
,,头孢呋辛钠针(明可欣),,膀胱输尿管反流(双侧Ⅳ级)
,,乳果糖口服溶液(杜密克),,膀胱输尿管反流(双侧，IV级)
,,增液合剂(练塘),,膀胱输尿管反流(左侧Ⅳ级，右侧Ⅲ)
,,(基)磷霉素钠针(复美欣),,膀胱输尿管反流(返流性肾病)(左侧III级)
,,(I)头孢呋辛酯片(赛福欣),,膀胱输尿管反流(IV级)
,,(II)头孢丙烯分散片(银力舒),,肾小管功能损害所致疾病(范可尼综合征)
,,(基)阿莫西林克拉维酸钾分散片(君尔清),,膀胱输尿管反流(双侧)(左侧V级 右侧V级)
,,(基)0.9%氯化钠注射液(华鲁),,膀胱输尿管反流(右侧、术后)(双J管留置中)
,,(基)碘海醇针(欧乃派克 300),,膀胱输尿管反流(双侧，IV-V级)
,,门冬氨酸阿奇霉素针(博抗),,膀胱输尿管反流(双侧术后)(双J管留置中)
,,大补阴丸(水蜜丸),,膀胱输尿管反流(双侧)(左侧1级，右侧3级)
,,阿司匹林泡腾片(巴米尔),,膀胱输尿管反流(左侧III级、右侧IV级)
,,联苯苄唑乳膏(美克),,膀胱输尿管反流(双侧)(左侧III级，右侧III－ＩＶ级）)
,,甘草锌颗粒,,泌尿道感染(膀胱输尿管返流)
,,维生素C片,,膀胱输尿管反流(右侧、I级)
,,重组人促红素针(怡宝)(CHO细胞),,(左侧)肾积水
,,昂丹司琼针(枢丹),,膀胱输尿管反流(III级)
,,呋喃西林溶液(康乐辉),,膀胱输尿管反流(左侧，III级)(左肾小)
,,双氯芬酸二乙胺乳胶剂(扶他林),,先天性尿道瓣膜性狭窄()
,,复方碳酸钙颗粒,,"膀胱输尿管反流(左侧,II级)"
,,(I)头孢唑林钠针(华北),,膀胱输尿管反流(右侧III级，左侧II级)
,,氟氯西林针,,肾积水(伴输尿管扩张 左侧)
,,复方头孢克洛干混悬剂(熙蒙）,,"膀胱输尿管反流(左侧I级,右侧II级)"
,,(I)阿莫西林干混悬剂,,膀胱输尿管反流(双侧高级别)
,,(基)呋喃妥因肠溶片,,(双侧)膀胱输尿管反流(膀胱造口术后，PUV)
,,糠酸莫米松乳膏(艾洛松 10g),,输尿管囊肿(双侧，术后)
,,叶酸片,,膀胱输尿管反流(右侧 Ⅳ级)
,,尿毒清颗粒(无糖型),,(左侧)肾占位性病变(感染性肿瘤性?)
,,复方太子参颗粒(10袋),,膀胱输尿管反流(左侧，II级，右侧术后)
,,小儿伪麻美芬滴剂(艾畅),,尿道下裂(二次术后)
,,右旋糖酐40葡萄糖针(长富),,膀胱输尿管反流(右侧V级，右肾发育不良)
,,复方嗜酸乳杆菌片(益君康),,重复肾(左侧 术后)
,,黄芩清热利湿合剂(练塘),,膀胱输尿管反流(右侧Ⅰ级)
,,2.5%林可霉素滴眼液(洁霉素),,"膀胱输尿管反流(左侧3级,右侧3-4级)"
,,糠酸莫米松鼻喷雾剂(逸青),,膀胱输尿管反流(左)(三级)
,,(强力阿莫仙)阿莫西林克拉维酸钾针,,尿道狭窄(术后)
,,青霉素钠针,,室间隔缺损(肌部)
,,氨茶硷针,,(双侧)膀胱输尿管反流(III级)
,,消旋山莨菪碱滴眼液,,先天性鱼鳞病
,,猴耳环消炎颗粒(白马),,急性喉炎急性喉炎
,,泼尼松龙片(强的松龙),,十二指肠球部溃疡
,,消旋山莨菪碱滴眼液(信流丁),,鼾症术后
,,人血白蛋白5g(新兴)(限抢救、低蛋白血症，工伤保险),,鼻出血2:变应性鼻炎
,,马破伤风免疫球蛋白针(TAT),,无症状性菌尿
,,(基)氨茶碱注射液(石药),,血小板减少性紫癜
,,复方甘草口服溶液,,普拉德-威利综合征肥胖症
,,0.1%玻璃酸钠滴眼液(爱丽),,色素痣
,,(基)布洛芬混悬液(美林),,糖尿病1型糖尿病
,,鞣酸软膏(新华),,1型糖尿病糖尿病
,,标准桃金娘油肠溶软胶囊(吉诺通),,粒细胞缺乏
,,头孢羟氨苄片(力欣奇),,1型糖尿病急性上呼吸道感染
,,2.5%二硫化硒洗剂(希尔生),,口角炎
,,猴耳环消炎颗粒,,呼吸道感染
,,克林霉素棕榈酸酯颗粒(可尔生 75mg),,脓疱性皮疹脓疱性皮疹
,,吗替麦考酚酯分散片(赛可平),,糖尿病糖尿病
,,复方氯己定含漱液,,流行性感冒
,,西替利嗪口服溶液(0.1%),,水痘
,,硝酸咪康唑散(达克宁),,上呼吸道疾病胃肠功能紊乱
,,10%鱼石脂软膏,,颅咽管瘤
,,头孢西丁钠针(深圳),,脂肪肝
,,丹参针,,1型糖尿病1型糖尿病
,,(长春英联)磷酸肌酸钠针,,恶心和呕吐幽门螺旋杆菌感染
,,富马酸氯马斯汀口服溶液,,十二指肠球炎
,,多维铁口服溶液,,特指糖尿病伴酮症酸中毒
,,3%过氧化氢溶液,,支气管炎急性扁桃体炎
,,甲硝唑片(灭滴灵),,糖尿病2:急性扁桃体炎
,,左氧氟沙星滴眼液(海伦),,恶心和呕吐2:细菌性感染
,,赛庚啶片(天平),,急性上呼吸道感染2:1型糖尿病
,,小儿生血糖浆(澜泰),,糖尿病，神经源性膀胱
,,五维牛磺酸口服溶液(宝力康),,1
,,丙酸交沙霉素颗粒,,角质松懈症
,,色甘酸钠滴眼液(润博),,慢性浅表性胃炎
,,小儿肺热清颗粒(大连美罗),,2:残冠
,,矛头蝮蛇血凝酶针(巴曲亭),,非新生儿脐炎
,,酚磺乙胺注射液(500mg),,咳嗽肺炎
,,复方福尔可定口服溶液(澳特斯),,精神模糊状态
,,(基)头孢曲松钠针(罗氏芬),,急性上呼吸道感染急性上呼吸道感染急性上呼吸道感染
,,氯地松乳膏(一院),,常规儿童健康检查2:糖尿病
,,硫糖铝混悬液(舒可婕）,,糖尿病2:糖尿病性酮症酸中毒
,,注射用阿奇霉素针(其仙 125mg),,急性喉炎急性喘息性支气管炎
,,重组人促红素针(益比奥)(CHO细胞),,1型糖尿病2:1型糖尿病
,,小儿清热止咳口服液(厦门),,酮症
,,伐昔洛韦分散片(丽科分),,1型糖尿病性酮症酸中毒，支气管炎
,,小儿复方磺胺甲噁唑颗粒,,急性上呼吸道感染呼吸道疾病
,,枸橼酸钾(1g),,2:急性咽炎3:急性咽炎
,,(基)5%碳酸氢钠针(回音必),,脾虚肝旺证
,,人血白蛋白5g(新兴),,小儿汗病
,,(基)蒙脱石散(思密达),,多形红斑荨麻疹
,,维生素B2片,,糖尿病2:酸中毒
,,托拉塞米针(泽通),,2:呼吸道疾病
,,炎琥宁针(严护),,颅内感染
,,布地奈德鼻喷雾剂(雷诺考特),,脓疱性皮疹
,,维生素C泡腾片(亚宝),,糖尿病呼吸道感染
,,氟替卡松鼻喷雾剂(辅舒良),,急性上呼吸道感染2:皮疹
,,茵栀黄口服液(10支),,矮小症
,,注射用头孢西丁钠,,毛囊炎
,,(力百汀)阿莫西林克拉维酸钾针,,结节性痒疹
,,注射用氟氧头孢钠(氟吗宁),,胸闷
,,复方磺胺甲噁唑片,,糖尿病2:恶心和呕吐
,,枸橼酸钠(1g),,1型糖尿病眼和视力检查
,,0.3%玻璃酸钠滴眼液,,常规儿童健康检查糖尿病
,,注射用盐酸溴己新(伏枝),,中度贫血
,,妥洛特罗帖剂(阿米迪 0.5mg),,糖尿病2:呼吸道疾病
,,鼻渊舒口服液(无糖型),,糖尿病性肾病
,,氨溴索针(伊诺舒),,腹痛2:糖尿病
,,利可君片(利血生 48#),,阴道和外阴特指炎症
,,溶菌酶含片(侯赛音),,特指慢性胰腺炎
,,萘敏维滴眼液(艾唯多),,急性上呼吸道感染2:糖尿病
,,复方托吡卡胺滴眼液(卓比安),,黑棘皮病
,,小儿愈美那敏溶液(珮夫人),,盆腔肿物
,,头孢西丁钠针,,性早熟性早熟
,,0.5%甲硝唑氯化钠针(百特),,残冠残冠
,,阿莫西林干混悬剂,,变应性鼻炎鼻衄
,,(基)头孢他定针(复达欣),,皮炎2:体癣
,,(优立新)氨苄西林钠舒巴坦钠针,,耵聍栓塞变应性鼻炎
,,(基)复方磺胺甲噁唑片,,毛囊角化病2:脚癣
,,(基)开塞露,,躯干皮肤感染
,,(II)氟康唑胶囊(大扶康),,:糖尿病
,,鼠神经生长因子针(金路捷),,念珠菌疹
,,地喹氯铵含片,,急性胃肠炎2:急性胃肠炎
,,氟康唑片（带量）,,苔藓样皮炎白色糠疹
,,(基)对乙酰氨基酚混悬液(泰诺林),,胃肠型感冒
,,美罗培南针(美平),,皮肤疖
,,左卡尼汀口服溶液(东维力),,新生儿腹泻
,,二甲双胍片(天平),,痤疮
,,乙酰麦迪霉素干混悬剂(美欧卡),,糖尿病，支气管炎
,,赖氨葡锌颗粒（迪沙）,,胆汁返流
,,●法罗培南钠颗粒,,急性阴道炎
,,小儿布洛芬栓(山西太原),,糖尿病(1型)
,,莫匹罗星软膏(10g百多邦),,自体干细胞移植术后
,,(基)昂丹司琼针(枢丹),,白内障（双侧
,,氟康唑氯化钠针(大扶康100mg),,出院诊断
,,对乙酰氨基酚（小儿退热栓）,,糖尿病
,,清鱼肝油,,特指听觉异常（双耳听力中度下降 )
,,汞溴红溶液(红汞),,右侧白内障根治术后）
,,牛碱性生长因子滴眼液(贝复舒),,糖尿病(I型)
,,吗替麦考酚酯胶囊(骁悉),,中度营养不良
,,小儿腹泻宁泡腾颗粒(同丹),,皮炎(肛周)
,,复方利多卡因乳膏(10g),,视神经萎缩（双侧）
,,复方锌布颗粒(臣功再欣),,尿道梗阻性肾积水(后尿道瓣膜)
,,碘海醇针(欧乃派克 350),,先天性尿道瓣膜性狭窄（瓣膜切除术后 )
,,维生素K1注射液(辰欣),,耳聋（中度）
,,乳果糖口服溶液(利动),,白内障（双侧 )
,,泼尼松片(强的松),,输尿管扩张（双侧）
,,小儿豉翘清热颗粒（无蔗糖）,,糖尿病 (Wolfram 综合症）
,,碳酸钙D3咀嚼片II(钙尔奇D-300),,普拉德 - 威利综合征
,,氢化可的松琥珀酸钠针(琥珀氢考),,先天性心脏病（完全性房室间隔缺损纠治术后）
,,阿魏酸哌嗪片,,1 型糖尿病（干细胞移植术后）
,,(II)头孢地尼分散片(希福尼 12'),,后尿道瓣膜术后
,,阿昔洛韦片,,腺样体肥大（术后）
,,葡萄糖酸锌喷鼻剂(星瑞灵),,糖尿病合并低血糖
,,羧甲淀粉钠溶液(150ml 通园),,泌尿道感染
,,克林霉素棕榈酸酯颗粒(可尔生75mg),,2 型糖尿病
,,(III)利奈唑胺针(斯沃),,白细胞异常（粒细胞减少症 )
,,20%甘露醇针(浙江),,视神经萎缩
,,碳酸氢钠干粉(带瓶),,盆腔肿物（术后 )
,,小儿缩泉合剂(练塘),,糖尿病(1型)(干细胞移植术后)
,,小儿豉翘清热颗粒(4g 同贝),,胃炎(急性)
,,(II)(优立新)氨苄西林钠舒巴坦钠针,,耳和听力检查(左耳听力下降)
,,0.04%醋酸氯己啶漱口液(六院),,心肌桥(ST-T段改变)
,,5%葡萄糖0.9%氯化钠针(大冢) (作废),,1 型糖尿病 (Wolfram 综合征）
,,双氯芬酸钠肠溶片(扶他林),,肾积水（双侧）
,,(III)万古霉素针(稳可信),,白内障（右眼 )
,,重组人干扰素α2b乳膏(安达芬),,唐氏综合征
,,(II)阿奇霉素针(希舒美),,听力检查（左耳听力减退）
,,阿莫西林克拉维酸钾片(安奇),,甲状腺机能亢进症
,,(I)阿莫西林克拉维酸钾片(安奇),,胃窦炎
,,氯苯那敏针(扑尔敏),,泌尿系统感染
,,右旋糖酐40葡萄糖针(浙江),,甲状腺炎(桥本氏)
,,注射用阿昔洛韦(五洲通),,1 型糖尿病性肾病
,,氟替卡松吸入气雾剂(辅舒酮),,先天性尿道瓣膜性狭窄(瓣膜切除术后)
,,苯巴比妥片(鲁米那),,耳和听力检查(左耳听力减退)
,,小儿感冒舒颗粒(贝舒),,支气管肺炎((恢复期))
,,胞磷胆碱钠针(尼可林),,糖尿病性白内障（双眼）
,,(I)头孢呋辛钠针(西力欣),,1 型糖尿病性肾病
,,复合维生素B片,,慢性胃窦炎
,,酪酸梭菌活菌散(宝乐安),,出院诊断
,,利巴韦林注射液(天心),,排尿里急后重(待查)
,,维生素AD软胶囊 >1岁,,高眼压症（右眼 )
,,维生素C泡腾片(力度伸),,耳和听力检查（左耳听力减退）
,,溶菌酶肠溶片,,新生儿糖尿病
,,右旋布洛芬口服混悬液,,甲状腺肿(一度)
,,转移因子口服溶液,,桥本氏甲状腺炎
,,孟鲁司特钠咀嚼片(鲁南),,肝功能异常(脂肪肝)
,,白芍总苷胶囊(帕夫林),,垂体功能减退症(继发性甲状腺功能低下症、尿崩症、肾上腺皮质激素缺乏症)
,,(赛典)单唾液酸四己糖神经节苷酯钠针,,特指手术后状态(少支胶质细胞瘤术后)
,,重组人胰岛素针(优泌淋 R笔),,特指手术后状态(少枝胶质细胞瘤术后)
,,精蛋白生物合成人胰岛素针(诺和灵 N笔),,粒细胞减少症
,,精蛋白锌重组人胰岛素针(优泌淋 N笔),,糖尿病(2型)
,,门冬胰岛素针(诺和锐 笔芯),,2 型糖尿病
,,50%葡萄糖针(大冢),,多器官功能障碍综合征(MODS)
,,重组人胰岛素针(优泌林 R笔),,胰腺占位性病变(待查)
,,生物合成人胰岛素针(诺和灵 R),,白内障(右眼)
,,0.5%甲硝唑氯化钠注射液(华鲁),,血尿：糖尿病肾病
,,生物合成高血糖素(诺和生),,食管炎（轻度）
,,灭菌注射用水(石家庄),,胃炎
,,精蛋白锌重组人胰岛素针(优泌林 N笔),,念珠菌性皮炎
,,维生素B1片,,新生儿糖尿病(iDEND综合征)
,,25%葡萄糖针,,右侧腹股沟斜疝高位结扎术后
,,甘精胰岛素针(来得时 预填充),,白内障（右眼）
,,20%甘露醇注射液(百特),,i型糖尿病
,,(基)精蛋白生物合成人胰岛素针(诺和灵 N笔),,腹泻病
,,(基)头孢呋辛钠针(西力欣),,先天性畸形(多发)
,,重组人胰岛素针(优泌林 R),,【
,,生物合成人胰岛素针(诺和灵 R笔),,1、空腹血糖受损
,,酚磺乙胺注射液(0.5g),,2、糖耐量异常
,,(基)生物合成人胰岛素针(诺和灵 R笔),,皮疹(肛周)
,,地特胰岛素注射液(诺和平 特充),,低钾血症
,,(基)生物合成人胰岛素针(诺和灵 R),,肛周脓肿（引流术后）
,,甲钴胺片(弥可保),,角膜上皮脱落
,,奥司他韦胶囊(达菲),,克罗恩病
,,酚麻美敏片(泰诺),,Ⅱ型糖尿病
,,氯化钾缓释片(深圳),,肺炎
,,盐酸达克罗宁胶浆,,急性上呼吸道感染
,,(基)二甲双胍片(天平),,wolfram综合征
,,(基)甲硝唑片(灭滴灵),,甲状腺机能减退症
,,氯化钾缓释片,,甲状腺结节（囊性占位）
,,(基)奥美拉唑镁肠溶片(洛赛克Mups),,下肢深静脉血栓形成(右侧)
,,(基)50%葡萄糖针(大冢),,精神发育迟缓(伴运动)
,,维生素B6片,,1 型糖尿病 (Wolfram 综合症）
,,多烯磷脂酰胆碱胶囊(易善复),,躯干皮肤感染
,,丙卡特罗片(美普清),,糖尿病(（新生儿糖尿病）)
,,(II)左氧氟沙星片(可乐必妥),,上呼吸道疾病(上呼吸道感染)
,,格列本脲片,,支气管肺炎
,,左旋甲状腺素钠片(优甲乐),,脓毒血症(严重、脓毒症休克)
,,【≤1y禁用】0.2%利多卡因稀释液,,甲状腺囊肿
,,灭菌注射用水(长富),,甲状腺肿瘤(术后)
,,赖脯胰岛素针(优泌乐),,甲状腺炎(桥本甲状腺炎)
,,果糖二磷酸钠口服液(瑞安吉),,2型糖尿病 脂肪肝
,,(II)注射用阿奇霉素针(其仙 0.125g),,低蛋白血症
,,精蛋白生物合成人胰岛素针(诺和灵 N),,1型糖尿病----好转
,,多潘立酮片(吗丁啉),,肾上腺疾患（右侧肾上腺增大）
,,辅酶Q10胶囊,,甲状腺炎（桥本氏）
,,氨溴索片(沐舒坦),,2 型糖尿病
,,多巴酚丁胺针,,垂体功能减退症((继发性甲状腺功能减低症、尿崩症、肾上腺皮质激素缺乏症）)
,,重组人生长激素针(赛增),,糖尿病：新生儿糖尿病
,,左卡尼汀针(可益能),,惊厥(低血糖性)
,,二硫化硒洗剂(迪赛诺),,双侧感音神经性耳聋（中重度）
,,脂溶性维生素针(维他利匹特),,自身免疫性甲状腺炎（桥本甲状腺炎 )
,,(I)阿奇霉素干混悬剂(希舒美),,瘀斑(舌尖)
,,维生素B1针（方明）,,1型尿病
,,精蛋白锌重组人胰岛素针(优泌林 N),,口腔念珠菌感染(鹅口疮)
,,锡类散喷剂,,过敏性鼻炎
,,消旋山莨菪碱针(654-2 杭州),,色素失调症(待排)
,,(基)精蛋白锌重组人胰岛素针(优泌林 N笔),,十二指肠球炎(幽门螺旋杆菌感染)
,,磷酸肌酸钠针(里尔统),,左侧白内障
,,生长抑素针(思他宁),,低钠血症)
,,咪达唑仑针(力月西),,单纯性甲状腺肿大
,,10%葡萄糖酸钙注射液(金朱）,,肾性糖尿?
,,尿激酶针(丽珠),,糖尿病性酮症酸中毒
,,人凝血酶原复合物针(新兴),,慢性甲状腺炎(桥本)
,,丙泊酚中/长链脂肪乳针,,遗尿(隐性脊柱裂)
,,小儿复方氨基酸针(19AA-1),,抽动障碍()
,,(基)重组人胰岛素针(优泌林 R笔),,肝功能异常(肝肿大原因待查)
,,注射用阿昔洛韦（华世通）,,泌尿道感染(菌尿症)
,,克罗米通乳膏(优力肤),,多尿(糖尿病前期)
,,甲巯咪唑片(赛治),,鲜红斑痣
,,利巴韦林针,,胃炎(幽门螺旋杆菌感染)
,,奥司他韦颗粒(可威),,1 型糖尿病性酮症酸中毒
,,脑蛋白水解物口服液,,甲状腺肿瘤（术后）
,,水溶性维生素针(水乐维他),,周围神经病()
,,复方氨基酸针(19AA-1),,2型糖尿病(前期)
,,0.025%维A酸乳膏,,先天性三尖瓣关闭不全(伴重度返流)
,,蒲地蓝消炎口服液(6支),,糖耐量异常(+空腹血糖受损)
,,钆贝葡胺注射液(莫迪司),,精神发育迟缓
,,甘油果糖氯化钠注射液,,胃窦炎(幽门螺旋杆菌感染)
,,哌甲酯缓释片(专注达),,口腔感染(根尖周炎)
,,(II)克林霉素针(克林美),,甲状腺机能减退症(桥本氏甲状腺炎)
,,小儿清热止咳口服液(河南),,肝功能异常
,,(II)乳糖酸阿奇霉素针(其仙 0.125g),,尿路感染
,,(II)头孢噻肟钠针(凯福隆),,继发性糖尿病性酮症
,,苯西卤铵乳膏(保英),,糖尿病性酮症酸中毒(轻度)
,,樟脑地塞米松搽剂(一院),,脱水(中度)
,,20%中/长链脂肪乳剂(力保肪宁),,糖尿病（1型）
,,灭菌注射用水,,上呼吸道疾病（上呼吸道感染）
,,桉柠蒎肠溶软胶囊(切诺),,冻疮（双手）
,,(I)克拉霉素片(利迈先),,1型糖尿病
,,右美沙芬缓释混悬液(小眉),,手足口病(恢复期)
,,精氨酸针,,急性胃肠炎
,,托吡酯胶囊(妥泰),,新生儿贫血
,,沙美特罗替卡松粉吸入剂(舒利迭),,糖尿病(1型)；视神经萎缩
,,10%浓氯化钠（新生儿专用）,,新生儿脑病(脑损伤)
,,他克莫司软膏(普特彼),,自身免疫性甲状腺炎(桥本甲状腺炎)
,,(里尔统)磷酸肌酸钠针,,糖尿病 (Rogers 综合征）
,,还原型谷胱甘肽片(阿拓莫兰),,胃炎(HP感染)?
,,灭菌注射用水(四川),,新生儿糖尿病(KCNJ11突变1型糖尿病)
,,兰索拉唑肠溶胶囊,,脂肪肝
,,20%尿素乳膏(宁波),,白内障（左眼）
,,(美力泰)乙酰麦迪霉素干混悬剂,,黑棘皮病（先天性胰岛素抵抗）
,,丙戊酸钠缓释片(德巴金),,血糖过多(空腹血糖受损)
,,谷胱甘肽片(阿拓莫兰),,心肌酶谱异常（心肌损害）
,,(I)0.5%甲硝唑氯化钠针(百特),,精索鞘膜积液(左侧)
,,克感利咽口服液(广州),,胃窦炎（幽门螺杆菌感染 )
,,口服补液盐II(ORS),,甲状腺机能减退症
,,依巴斯汀片(思金),,极重度）
,,甘精胰岛素针(来得时),,1 型糖尿病性酮症
,,多烯酸乙酯软胶囊(多烯康),,电解质代谢紊乱(低钾血症
,,氢氯噻嗪片(双氢克尿噻),,重症病毒性脑炎
,,氢化可的松片,,糖尿病(特殊类型)
,,(18AA-II)小儿复方氨基酸针,,精神发育迟缓（精神和运动）
,,5%苯扎溴铵溶液(新洁尔灭),,皮肤和皮下组织局部感染(臀部皮肤脓肿)
,,磷酸肌酸钠针(长春英联),,糖尿病性白内障
,,(美欧卡)乙酰麦迪霉素干混悬剂,,眼底病变（黄斑病变）
,,儿童维D钙咀嚼片,,糖尿
,,铝碳酸镁片(达喜),,糖尿病 肺炎
,,灭菌注射用水（四川）,,糖尿病 (Roger 综合征）
,,肺力咳合剂,,轮状病毒肠炎
,,头孢克洛胶囊(希刻劳),,轻度贫血
,,(I)头孢克洛胶囊(希刻劳),,新生儿糖尿病 肺炎
,,蒲地蓝消炎片(葡灵素),,(1 型）糖尿病
,,(基)氯化钾缓释片(深圳),,骨密度和结构疾患(骨密度减低)
,,小儿增液合剂(练塘),,1型糖尿病()
,,甲苯咪唑片(安乐士),,白细胞异常（粒细胞减少症）
,,硫必利片(恩华),,血糖过多
,,促皮质素针(A.c.t.h),,肝功能异常（肝功能损害）
,,(I)甲硝唑片(灭滴灵),,胃窦炎
,,(I)阿莫西林胶囊,,急性上呼吸道感染（甲流 )
,,玻璃酸酶针(透明质酸酶),,急性上呼吸道感染
,,2%利多卡因注射液(华鲁),,糖尿病(新生儿糖尿病)
,,糠酸莫米松乳膏(摩弥齐),,糖尿（（一过性））
,,左乙拉西坦片(开浦兰),,休克(早期)
,,拉莫三嗪片(利必通 50mg),,L2 型 (L2
,,碳酸钙D3片(钙尔奇D-600),,血糖过多（空腹血糖受损
,,维生素E软胶囊,,先天性卵圆孔未闭
,,芬太尼针,,白细胞异常（粒细胞减少症）
,,多烯磷脂酰胆碱针(易善复),,白内障
,,低分子肝素钙针(速碧林),,肾积水（左肾）
,,华法林钠片,,肝功能损害
,,利巴韦林片(信谊天平),,惊厥持续状态
,,氧氟沙星滴眼液(信利妥),,肺炎（恢复期 )
,,0.5%甲硝唑氯化钠针(长富),,心律失常（室性早搏、室上性早搏、 1 度房室传导阻滞）
,,匹多莫德片(万适宁),,胃肠炎
,,尿素乳膏(芙宁),,急性颈部淋巴结炎
,,莫沙必利片(快力),,自身免疫性甲状腺炎（桥本氏甲状腺炎）
,,更昔洛韦眼用凝胶(丽科明),,新生儿脑病（遗传代谢病）
,,地奥司明片,,脱水（轻度）
,,(I)制霉菌素甘油,,慢性腹泻（过敏性肠炎 )
,,马来酸依那普利片(勤可息),,甲状腺炎(桥本)
,,维生素K1针(浙江),,糖尿病（单基因）
,,复方对乙酰氨基酚片II(散利痛),,甲状腺炎（桥本 )
,,注射用胸腺肽(赛威）,,脂肪肝
,,蒙脱石散(必奇),,糖尿
,,奥美拉唑钠针（奥克）,,肌肉损伤（（原因待查））
,,(I)克林霉素棕榈酸酯颗粒(可尔生75mg),,Ⅰ度房室传导阻滞
,,硝酸咪康唑乳膏(达克宁),,糖耐量异常 (+ 空腹血糖受损）
,,硫糖铝混悬液(舒可捷),,新生儿特指感染
,,酮替芬片,,流行性感冒（甲流 )
,,八珍颗粒,,糖尿病 (1 型）
,,小儿泻速停颗粒(哈尔滨),,肾病综合征
,,复方氨基酸胶囊,,肛门括约肌松弛
,,万古霉素针(稳可信),,精索鞘膜积液（（左侧） )
,,氯丙嗪针,,糖耐量异常）
,,叶酸片(0.4mg 亚宝),,糖尿病
,,左西替利嗪片(优泽),,中度贫血
,,维生素B1针,,皮肤念珠菌病
,,(III)帕尼培南倍他米隆针(克倍宁),,普 B
,,利巴韦林喷剂(天济),,( 右侧）膝关节半脱位
,,维生素E软胶囊(信谊),,泌尿道感染（尿路感染）
,,长春地辛针(西艾克),,贫血
,,巯嘌呤片(兴邦),,继发性甲状腺功能减退症
,,血凝酶针(巴曲亭),,糖耐量异常）
,,人血白蛋白针(上生),,脑性瘫痪
,,多巴胺针,,肌肉损伤（线粒体）
,,注射用阿昔洛韦(潜龙),,惊厥
,,25%硫酸镁注射液(杭州),,耳聋（双耳
,,10%葡萄糖酸钙针(容生),,病毒性皮疹
,,注射用左卡尼汀(芯能),,高钙尿症
,,静注人免疫球蛋白(新兴),,慢性浅表性胃炎
,,盐酸普萘洛尔片(山西),,糖尿病 (1 型）
,,西替利嗪片(仙特明),,耳前瘘管
,,地塞米松片,,新生儿特指感染
,,阿糖胞苷针(赛德萨),,白内障（双眼）
,,重组人粒细胞刺激因子注射液(赛格力),,变应性结膜炎
,,(I)0.5%甲硝唑氯化钠针(长富),,白内障（双侧）
,,(万汶)羟乙基淀粉130/0.4氯化钠针,,矮小症
,,布洛芬口服溶液(神威),,特指听觉异常（双耳听力损失）
,,3%过氧化氢溶液(南国),,9 、尿布性皮炎
,,静注人免疫球蛋白(上生),,急性化脓性扁桃体炎
,,甲氨蝶呤片(MTX),,线粒体脑肌病
,,牛碱性生长因子溶液(贝复济),,急性淋巴细胞性白血病
,,,,肝功能异常（肝损）
,,,,肺炎（呼吸道合胞病毒）
,,,,湿疹
,,,,糖尿病 (1 型 ?)
,,,,特指糖尿病伴神经并发症
,,,,乳牙滞留（拔除术后 )
,,,,自身免疫性甲状腺炎（桥本甲状腺炎）
,,,,粒细胞缺乏（粒细胞减少症）
,,,,肺炎（呼吸衰竭
,,,,高眼压症
,,,,甲状腺功能异常
,,,,代谢性脑病
,,,,先天性歪嘴哭综合征
,,,,糖尿病 (2 型）
,,,,糖耐量异常
,,,,病毒性皮疹
,,,,糖尿病 (1 型发病前期）
,,,,巨输尿管（双）
,,,,无症状性菌尿
,,,,脱发
,,,,甲状腺结节
,,,,妊娠糖尿病母亲婴儿综合征
,,,,慢性腹泻
,,,,肝功能异常（肝功能损害）
,,,,胃 - 食管反流病
,,,,便秘
,,,,上呼吸道疾病（上呼吸道感染）
,,,,肠梗阻
,,,,白内障（双侧）
,,,,白内障
,,,,血糖过多（肝源性）
,,,,1 型糖尿病性植物神经紊乱
,,,,急性结膜炎
,,,,低钠血症
,,,,接触性皮炎（过敏性）
,,,,耳聋(神经性耳聋)
,,,,糖尿病(Roger综合征)
,,,,幽门螺旋杆菌感染
,,,,糖尿病
,,,,变应性鼻炎
,,,,甲状腺结节（左侧 )
,,,,周围神经病（左腓总神经损伤）
,,,,精神发育迟缓
,,,,三尖瓣回流（返流）
,,,,新生儿糖尿病（暂时性）
,,,,肺炎（支原体感染）
,,,,鞘膜炎（鞘膜囊感染）
,,,,血糖过多
,,,,先天性单侧肾缺如（左侧）
,,,,胃肠炎（腹泻）
,,,,肾积水
,,,,泌尿道感染
,,,,低危）
,,,,房间隔缺损（继发孔型）
,,,,肾积水（双）
,,,,房间隔缺损
,,,,泌尿道感染（尿路感染）
,,,,胆管结石（肝右叶内）
,,,,皮肤血管瘤
,,,,糖尿病性酮症酸中毒（轻度）
,,,,休克（低血容量 )( 代偿期）
,,,,视神经萎缩
,,,,代谢性酸中毒
,,,,多器官功能障碍综合征 (MODS)( 心脏、肝脏、肾脏、神经、血液系统）
,,,,房间隔缺损（修补术后）
,,,,1肝功能异常
,,,,血尿
,,,,糖尿病（特殊类型）
,,,,IgA 肾病
,,,,白细胞异常（降低）
,,,,败血症（木糖氧化产碱杆菌）
,,,,胸腔积液）
,,,,血糖过多（空腹血糖受损）
,,,,硬膜下积液）
,,,,1 型糖尿病性神经源性膀胱
,,,,肝大（肝功能异常）
,,,,疥疮
,,,,腹痛
,,,,肾功能异常
,,,,胃窦炎（幽门螺杆菌感染）
,,,,先天性单侧肾缺如（左侧）
,,,,先天性短段型巨结肠（术后）
,,,,急性支气管炎
,,,,自身免疫性甲状腺炎
,,,,精神发育迟缓（运动）
,,,,急性支气管炎
,,,,蛋白尿
,,,,脑萎缩（左侧颞叶软化
,,,,矮小症
,,,,急性分泌性中耳炎
,,,,腹股沟疝（右侧）
,,,,肺炎（恢复期）
,,,,肾性糖尿
,,,,急性胃肠炎
,,,,糖尿病 (2 型）
,,,,普拉德 - 威利综合征
,,,,结膜炎
,,,,外耳道炎（右）
,,,,颅内占位性病变（颅内肿瘤切除术后 )( 垂体肿瘤术后）
,,,,偏瘫（左侧）
,,,,龋齿
,,,,糖尿病性酮症酸中毒
,,,,无症状性菌尿
,,,,1 型糖尿病性周围神经病
,,,,糖尿病(1型)甲状腺炎(桥本甲状腺炎)
,,,,1型糖尿病 腺样体肥大。
,,,,肠穿孔(非创伤性)
,,,,甲状腺结节（囊性占位 )
,,,,肾上腺性征疾患（左侧肾上腺增粗）
,,,,白内障(左侧)
,,,,白内障（左侧 )
,,,,1型糖尿病粒细胞减少
,,,,1型糖尿病；视神经炎
,,,,室间隔缺损(膜周部)
,,,,糖尿病（I型）
,,,,轮状病毒肠炎  酮症
,,,,甲状腺炎（桥本甲状腺炎）
,,,,胆囊息肉
,,,,房间隔缺损
,,,,支气管炎
,,,,肾小管功能损害所致疾病（肾小管损伤）
,,,,糖尿病（酮症酸中毒）
,,,,枫糖尿病（待排）
,,,,房间隔缺损（术后）
,,,,紫癜
,,,,糖尿病 (MODY10)
,,,,右侧白内障根治术后 )
,,,,腹痛（待查）
,,,,入院诊断
,,,,输尿管扩张（双侧 )
,,,,新生儿糖尿病()
,,,,神经源性膀胱
,,,,盆腔肿物
,,,,I 型糖尿病
,,,,1 型糖尿病（干细胞移植术后 )
,,,,口腔念珠菌感染
,,,,垂体功能减退症(继发性甲状腺功能减退症
,,,,神经源性膀胱(双肾积水)
,,,,糖尿病：1型
,,,,尿崩症)
,,,,糖尿病母亲婴儿
,,,,2、糖尿病
,,,,肝功能异常(待查)
,,,,高血压病?
,,,,肛周脓肿（引流术后）
,,,,1型糖尿病(肾脏病变)
,,,,肾上腺皮质功能减退症
,,,,糖尿病(1型糖尿病?)
,,,,白内障（右眼）
,,,,I型糖尿病
,,,,免疫缺陷病
,,,,下肢深静脉血栓形成(右下肢)
,,,,糖尿(待查)
,,,,皮疹(待查)
,,,,糖尿病(1型)()
,,,,糖尿病(待查)
,,,,特指泌尿系疾病()
,,,,自身免疫性甲状腺炎（桥本甲状腺炎）
,,,,糖尿病：i型
,,,,糖尿病(（1型）)
,,,,泌尿道感染(待查)
,,,,糖尿病(１型)
,,,,甲状腺机能亢进症?
,,,,应激性高血糖状态()
,,,,糖尿病(1型)?
,,,,2型糖尿病()
,,,,2 、 1 型糖尿病
,,,,1型糖尿病性酮症酸中毒?
,,,,糖尿病性酮症酸中毒(1型糖尿病)
,,,,糖尿病(2型糖尿病)
,,,,糖尿病 (I 型 )
,,,,巨大儿
,,,,糖尿病(2型)()
,,,,糖尿病 (1 型 )
,,,,慢性浅表性胃炎
,,,,上消化道出血
,,,,糖尿病 (I 型）
,,,,血糖过多(新生儿高血糖症)
,,,,糖尿病(1型?)
,,,,糖尿病((1型?))
,,,,1 型糖尿病
,,,,(I 型）糖尿病
,,,,1 型糖尿病
,,,,1 型糖尿病
,,,,新生儿呼吸衰竭
,,,,肾挫伤?
,,,,睾丸鞘膜积液
,,,,先天性歪嘴哭综合征
,,,,糖尿病 (1 型 ?)
,,,,糖尿（（一过性））
,,,,胃炎（幽门螺杆菌感染 ?)
,,,,糖尿病 (I 型糖尿病）
,,,,新生儿糖尿病
,,,,特指甲状腺功能减退症
,,,,足月小样低体重儿
,,,,童年孤独症
,,,,室性早搏
,,,,生长激素缺乏症
,,,,血糖过多（高血糖
,,,,1 型糖尿病性酮症酸中毒
,,,,遗传性代谢病
,,,,1 型糖尿病
,,,,新生儿低血糖症
,,,,新生儿）
,,,,血糖过多（肝源性）
,,,,惊厥（抽搐原因待查）
,,,,支气管炎
,,,,1 型糖尿病性神经源性膀胱
,,,,肺炎
,,,,应激性高血糖状态
,,,,(1 型）糖尿病
,,,,感染性发热
,,,,运动性周围神经病（左足背曲障碍）
,,,,肥胖症
,,,,上呼吸道疾病（上呼吸道感染 )
,,,,营养不良
,,,,脑白质营养不良
,,,,糖尿病 (I 型）
,,,,先天性肠旋转不良
,,,,颅内占位性病变（颅内肿瘤切除术后 )( 垂体肿瘤术后））
,,,,发热（呼吸道感染）
,,,,肝大（肝功能异常）
,,,,化脓性腮腺炎
,,,,肾性糖尿
,,,,化脓性腮腺炎
,,,,低血糖症
,,,,糖尿病 (（1 型））
,,,,普拉德 - 威利综合征
,,,,腹痛（急性阑尾炎）
,,,,糖尿病合并低血糖
,,,,胸痛(胸闷待查)
,,,,干细胞移植术后
,,,,心肌损害?
,,,,白内障（左侧）
,,,,糖尿病()
,,,,重症病毒性脑炎;脑疝;惊厥(持续状态)
,,,,糖尿病(2型)?
,,,,糖尿病（待查）
,,,,糖尿病 (I 型 ?)
,,,,糖尿病 (I 型 ?)
,,,,房间隔缺损（术后）
,,,,血管炎
